<?xml version="1.0" encoding="UTF-8"?>
<metadata xml:lang="id"><Esri><CreaDate>20200424</CreaDate><CreaTime>11485200</CreaTime><ArcGISFormat>1.0</ArcGISFormat><ArcGISstyle>FGDC CSDGM Metadata</ArcGISstyle><SyncOnce>FALSE</SyncOnce><DataProperties><lineage><Process ToolSource="c:\program files\arcgis\desktop10.2\ArcToolbox\Toolboxes\Data Management Tools.tbx\CalculateField" Date="20200421" Time="153228">CalculateField "Batas Administrasi Desa Dukcapil260917 AR" giskemen13 "SULAWESI SELATAN" VB #</Process><Process ToolSource="c:\program files\arcgis\desktop10.2\ArcToolbox\Toolboxes\Data Management Tools.tbx\CalculateField" Date="20200421" Time="153524">CalculateField "Batas Administrasi Desa Dukcapil260917 AR" giskemen13 "SULAWESI SELATAN" VB #</Process><Process ToolSource="c:\program files\arcgis\desktop10.2\ArcToolbox\Toolboxes\Data Management Tools.tbx\CalculateField" Date="20200421" Time="153600">CalculateField "Batas Administrasi Desa Dukcapil260917 AR" giskemen13 "JAMBI" VB #</Process><Process ToolSource="c:\program files\arcgis\desktop10.2\ArcToolbox\Toolboxes\Data Management Tools.tbx\CalculateField" Date="20200421" Time="153715">CalculateField "Batas Administrasi Desa Dukcapil260917 AR" giskemen13 "JAMBI" VB #</Process><Process ToolSource="c:\program files\arcgis\desktop10.2\ArcToolbox\Toolboxes\Data Management Tools.tbx\CalculateField" Date="20200421" Time="153816">CalculateField "Batas Administrasi Desa Dukcapil260917 AR" giskemen13 "SUMATERA UTARA" VB #</Process><Process ToolSource="c:\program files\arcgis\desktop10.2\ArcToolbox\Toolboxes\Data Management Tools.tbx\CalculateField" Date="20200421" Time="153929">CalculateField "Batas Administrasi Desa Dukcapil260917 AR" giskemen13 "SUMATERA BARAT" VB #</Process><Process ToolSource="c:\program files\arcgis\desktop10.2\ArcToolbox\Toolboxes\Data Management Tools.tbx\CalculateField" Date="20200421" Time="154007">CalculateField "Batas Administrasi Desa Dukcapil260917 AR" giskemen13 "SUMATERA UTARA" VB #</Process><Process ToolSource="c:\program files\arcgis\desktop10.2\ArcToolbox\Toolboxes\Data Management Tools.tbx\CalculateField" Date="20200421" Time="154302">CalculateField "Batas Administrasi Desa Dukcapil260917 AR" giskemen13 "ACEH" VB #</Process><Process ToolSource="c:\program files\arcgis\desktop10.2\ArcToolbox\Toolboxes\Data Management Tools.tbx\CalculateField" Date="20200421" Time="161631">CalculateField "Batas Administrasi Desa Dukcapil260917 AR" giskemen13 "LAMPUNG" VB #</Process><Process ToolSource="c:\program files\arcgis\desktop10.2\ArcToolbox\Toolboxes\Data Management Tools.tbx\CalculateField" Date="20200421" Time="161858">CalculateField "Batas Administrasi Desa Dukcapil260917 AR" giskemen13 "LAMPUNG" VB #</Process><Process ToolSource="c:\program files\arcgis\desktop10.2\ArcToolbox\Toolboxes\Data Management Tools.tbx\CalculateField" Date="20200421" Time="161959">CalculateField "Batas Administrasi Desa Dukcapil260917 AR" giskemen13 "JAWA BARAT" VB #</Process><Process ToolSource="c:\program files\arcgis\desktop10.2\ArcToolbox\Toolboxes\Data Management Tools.tbx\CalculateField" Date="20200421" Time="162110">CalculateField "Batas Administrasi Desa Dukcapil260917 AR" giskemen13 "JAWA TIMUR" VB #</Process><Process ToolSource="c:\program files\arcgis\desktop10.2\ArcToolbox\Toolboxes\Data Management Tools.tbx\CalculateField" Date="20200421" Time="162148">CalculateField "Batas Administrasi Desa Dukcapil260917 AR" giskemen13 "JAWA TIMUR" VB #</Process><Process ToolSource="c:\program files\arcgis\desktop10.2\ArcToolbox\Toolboxes\Data Management Tools.tbx\CalculateField" Date="20200421" Time="163603">CalculateField "Batas Administrasi Desa Dukcapil260917 AR" giskemen13 "JAWA TIMUR" VB #</Process><Process ToolSource="c:\program files\arcgis\desktop10.2\ArcToolbox\Toolboxes\Data Management Tools.tbx\CalculateField" Date="20200421" Time="165332">CalculateField "Batas Administrasi Desa Dukcapil260917 AR" giskemen14 "PIDIE JAYA" VB #</Process><Process ToolSource="c:\program files\arcgis\desktop10.2\ArcToolbox\Toolboxes\Data Management Tools.tbx\CalculateField" Date="20200421" Time="165442">CalculateField "Batas Administrasi Desa Dukcapil260917 AR" giskemen14 "BIREUEN" VB #</Process><Process ToolSource="c:\program files\arcgis\desktop10.2\ArcToolbox\Toolboxes\Data Management Tools.tbx\CalculateField" Date="20200421" Time="165533">CalculateField "Batas Administrasi Desa Dukcapil260917 AR" giskemen14 "BENER MERIAH" VB #</Process><Process ToolSource="c:\program files\arcgis\desktop10.2\ArcToolbox\Toolboxes\Data Management Tools.tbx\CalculateField" Date="20200421" Time="165805">CalculateField "Batas Administrasi Desa Dukcapil260917 AR" giskemen14 "ACEH BARAT DAYA" VB #</Process><Process ToolSource="c:\program files\arcgis\desktop10.2\ArcToolbox\Toolboxes\Data Management Tools.tbx\CalculateField" Date="20200421" Time="165855">CalculateField "Batas Administrasi Desa Dukcapil260917 AR" giskemen14 "ACEH TENGGARA" VB #</Process><Process ToolSource="c:\program files (x86)\arcgis\desktop10.5\ArcToolbox\Toolboxes\Conversion Tools.tbx\FeatureClassToFeatureClass" Date="20200423" Time="234345">FeatureClassToFeatureClass "Batas Administrasi Desa Dukcapil260917 AR" "G:\Website Indonesia-Geoportal\Data PETA\DISDUKCAPIL" 2017.shp # "giskemenda "giskemenda" true true false 20 Double 0 20 ,First,#,Batas Administrasi Desa Dukcapil260917 AR,giskemenda,-1,-1;OBJECT_ID "OBJECT ID" true true false 10 Text 0 0 ,First,#,Batas Administrasi Desa Dukcapil260917 AR,giskemen_1,-1,-1;KODE_DESA "KODE DESA" true true false 150 Text 0 0 ,First,#,Batas Administrasi Desa Dukcapil260917 AR,giskemen_2,-1,-1;DESA "giskemen_6" true true false 24 Double 15 23 ,First,#,Batas Administrasi Desa Dukcapil260917 AR,giskemen_6,-1,-1;KODE "KODE" true true false 26 Text 0 0 ,First,#,Batas Administrasi Desa Dukcapil260917 AR,giskemen13,-1,-1;PROVINSI "PROVINSI" true true false 27 Text 0 0 ,First,#,Batas Administrasi Desa Dukcapil260917 AR,giskemen14,-1,-1;KAB_KOTA "KAB/KOTA" true true false 31 Text 0 0 ,First,#,Batas Administrasi Desa Dukcapil260917 AR,giskemen15,-1,-1;KECAMATAN "KECAMATAN" true true false 34 Text 0 0 ,First,#,Batas Administrasi Desa Dukcapil260917 AR,giskemen16,-1,-1;DISA_KELUR "DISA KELURAHAN NAGARI" true true false 24 Double 15 23 ,First,#,Batas Administrasi Desa Dukcapil260917 AR,giskemen17,-1,-1;JUMLAH_PEN "JUMLAH PENDUDUK" true true false 24 Double 15 23 ,First,#,Batas Administrasi Desa Dukcapil260917 AR,giskemen18,-1,-1;JUMLAH_KK "JUMLAH KK" true true false 24 Double 15 23 ,First,#,Batas Administrasi Desa Dukcapil260917 AR,giskemen19,-1,-1;LUAS_WILAY "LUAS WILAYAH" true true false 24 Double 15 23 ,First,#,Batas Administrasi Desa Dukcapil260917 AR,giskemen20,-1,-1;KEPADATAN "KEPADATAN" true true false 24 Double 15 23 ,First,#,Batas Administrasi Desa Dukcapil260917 AR,giskemen21,-1,-1;PERPINDAHA "PERPINDAHAN" true true false 24 Double 15 23 ,First,#,Batas Administrasi Desa Dukcapil260917 AR,giskemen22,-1,-1;JUMLAH_MEN "JUMLAH MEN" true true false 24 Double 15 23 ,First,#,Batas Administrasi Desa Dukcapil260917 AR,giskemen23,-1,-1;PERUBAHAN "PERUBAHAN" true true false 24 Double 15 23 ,First,#,Batas Administrasi Desa Dukcapil260917 AR,giskemen24,-1,-1;WAJIB_KTP "WAJIB KTP" true true false 24 Double 15 23 ,First,#,Batas Administrasi Desa Dukcapil260917 AR,giskemen27,-1,-1;ISLAM "ISLAM" true true false 24 Double 15 23 ,First,#,Batas Administrasi Desa Dukcapil260917 AR,giskemen28,-1,-1;KRISTEN "KRISTEN" true true false 24 Double 15 23 ,First,#,Batas Administrasi Desa Dukcapil260917 AR,giskemen29,-1,-1;KHATOLIK "KHATOLIK" true true false 24 Double 15 23 ,First,#,Batas Administrasi Desa Dukcapil260917 AR,giskemen30,-1,-1;HINDU "HINDU" true true false 24 Double 15 23 ,First,#,Batas Administrasi Desa Dukcapil260917 AR,giskemen31,-1,-1;BUDHA "BUDHA" true true false 24 Double 15 23 ,First,#,Batas Administrasi Desa Dukcapil260917 AR,giskemen32,-1,-1;KONGHUCU "KONGHUCU" true true false 24 Double 15 23 ,First,#,Batas Administrasi Desa Dukcapil260917 AR,giskemen33,-1,-1;KEPERCAYAA "KEPERCAYAAN" true true false 24 Double 15 23 ,First,#,Batas Administrasi Desa Dukcapil260917 AR,giskemen36,-1,-1;PRIA "PRIA" true true false 24 Double 15 23 ,First,#,Batas Administrasi Desa Dukcapil260917 AR,giskemen37,-1,-1;WANITA "WANITA" true true false 24 Double 15 23 ,First,#,Batas Administrasi Desa Dukcapil260917 AR,giskemen40,-1,-1;BELUM_KAWI "BELUM KAWIN" true true false 24 Double 15 23 ,First,#,Batas Administrasi Desa Dukcapil260917 AR,giskemen41,-1,-1;KAWIN "KAWIN" true true false 24 Double 15 23 ,First,#,Batas Administrasi Desa Dukcapil260917 AR,giskemen42,-1,-1;CERAI_HIDU "CERAI HIDUP" true true false 24 Double 15 23 ,First,#,Batas Administrasi Desa Dukcapil260917 AR,giskemen43,-1,-1;CERAI_MATI "CERAI MATI" true true false 24 Double 15 23 ,First,#,Batas Administrasi Desa Dukcapil260917 AR,giskemen46,-1,-1;U0 "U0" true true false 24 Double 15 23 ,First,#,Batas Administrasi Desa Dukcapil260917 AR,giskemen47,-1,-1;U5 "U5" true true false 24 Double 15 23 ,First,#,Batas Administrasi Desa Dukcapil260917 AR,giskemen48,-1,-1;U10 "U10" true true false 24 Double 15 23 ,First,#,Batas Administrasi Desa Dukcapil260917 AR,giskemen49,-1,-1;U15 "U15" true true false 24 Double 15 23 ,First,#,Batas Administrasi Desa Dukcapil260917 AR,giskemen50,-1,-1;U20 "U20" true true false 24 Double 15 23 ,First,#,Batas Administrasi Desa Dukcapil260917 AR,giskemen51,-1,-1;U25 "U25" true true false 24 Double 15 23 ,First,#,Batas Administrasi Desa Dukcapil260917 AR,giskemen52,-1,-1;U30 "U30" true true false 24 Double 15 23 ,First,#,Batas Administrasi Desa Dukcapil260917 AR,giskemen53,-1,-1;U35 "U35" true true false 24 Double 15 23 ,First,#,Batas Administrasi Desa Dukcapil260917 AR,giskemen54,-1,-1;U40 "U40" true true false 24 Double 15 23 ,First,#,Batas Administrasi Desa Dukcapil260917 AR,giskemen55,-1,-1;U45 "U45" true true false 24 Double 15 23 ,First,#,Batas Administrasi Desa Dukcapil260917 AR,giskemen56,-1,-1;U50 "U50" true true false 24 Double 15 23 ,First,#,Batas Administrasi Desa Dukcapil260917 AR,giskemen57,-1,-1;U55 "U55" true true false 24 Double 15 23 ,First,#,Batas Administrasi Desa Dukcapil260917 AR,giskemen58,-1,-1;U60 "U60" true true false 24 Double 15 23 ,First,#,Batas Administrasi Desa Dukcapil260917 AR,giskemen59,-1,-1;U65 "U65" true true false 24 Double 15 23 ,First,#,Batas Administrasi Desa Dukcapil260917 AR,giskemen60,-1,-1;U70 "U70" true true false 24 Double 15 23 ,First,#,Batas Administrasi Desa Dukcapil260917 AR,giskemen61,-1,-1;U75 "U75" true true false 24 Double 15 23 ,First,#,Batas Administrasi Desa Dukcapil260917 AR,giskemen83,-1,-1;TIDAK_BELU "TIDAK BELUM" true true false 24 Double 15 23 ,First,#,Batas Administrasi Desa Dukcapil260917 AR,giskemen84,-1,-1;BELUM_TAMA "BELUM TAMAT" true true false 24 Double 15 23 ,First,#,Batas Administrasi Desa Dukcapil260917 AR,giskemen85,-1,-1;TAMAT_SD "TAMAT SD" true true false 24 Double 15 23 ,First,#,Batas Administrasi Desa Dukcapil260917 AR,giskemen86,-1,-1;SLTP "SLTP" true true false 24 Double 15 23 ,First,#,Batas Administrasi Desa Dukcapil260917 AR,giskemen87,-1,-1;SLTA "SLTA" true true false 24 Double 15 23 ,First,#,Batas Administrasi Desa Dukcapil260917 AR,giskemen88,-1,-1;DIPLOMA_I "DIPLOMA I" true true false 24 Double 15 23 ,First,#,Batas Administrasi Desa Dukcapil260917 AR,giskemen89,-1,-1;DIPLOMA_II "DIPLOMA II" true true false 24 Double 15 23 ,First,#,Batas Administrasi Desa Dukcapil260917 AR,giskemen90,-1,-1;DIPLOMA_IV "DIPLOMA IV" true true false 24 Double 15 23 ,First,#,Batas Administrasi Desa Dukcapil260917 AR,giskemen91,-1,-1;STRATA_II "STRATA II" true true false 24 Double 15 23 ,First,#,Batas Administrasi Desa Dukcapil260917 AR,giskemen92,-1,-1;STRATA_III "STRATA III" true true false 24 Double 15 23 ,First,#,Batas Administrasi Desa Dukcapil260917 AR,giskem_110,-1,-1;BELUM_TIDA "BELUM_TIDAK" true true false 24 Double 15 23 ,First,#,Batas Administrasi Desa Dukcapil260917 AR,giskem_111,-1,-1;APARATUR_P "APARATUR P" true true false 24 Double 15 23 ,First,#,Batas Administrasi Desa Dukcapil260917 AR,giskem_112,-1,-1;TENAGA_PEN "TENAGA PEN" true true false 24 Double 15 23 ,First,#,Batas Administrasi Desa Dukcapil260917 AR,giskem_113,-1,-1;WIRASWASTA "WIRASWASTA" true true false 24 Double 15 23 ,First,#,Batas Administrasi Desa Dukcapil260917 AR,giskem_114,-1,-1;PERTANIAN "PERTANIAN" true true false 24 Double 15 23 ,First,#,Batas Administrasi Desa Dukcapil260917 AR,giskem_115,-1,-1;NELAYAN "NELAYAN" true true false 24 Double 15 23 ,First,#,Batas Administrasi Desa Dukcapil260917 AR,giskem_116,-1,-1;AGAMA_DAN "AGAMA DAN" true true false 24 Double 15 23 ,First,#,Batas Administrasi Desa Dukcapil260917 AR,giskem_117,-1,-1;PELAJAR_MA "PELAJAR_MAHASISWA" true true false 24 Double 15 23 ,First,#,Batas Administrasi Desa Dukcapil260917 AR,giskem_118,-1,-1;TENAGA_KES "TENAGA_KES" true true false 24 Double 15 23 ,First,#,Batas Administrasi Desa Dukcapil260917 AR,giskem_119,-1,-1;PENSIUNAN "PENSIUNAN" true true false 24 Double 15 23 ,First,#,Batas Administrasi Desa Dukcapil260917 AR,giskem_120,-1,-1;LAINNYA "LAINNYA" true true false 20 Text 0 0 ,First,#,Batas Administrasi Desa Dukcapil260917 AR,giskem_123,-1,-1;GENERATED "GENERATED" true true false 10 Text 0 0 ,First,#,Batas Administrasi Desa Dukcapil260917 AR,giskem_126,-1,-1;KODE_DES_1 "KODE DESA" true true false 24 Double 15 23 ,First,#,Batas Administrasi Desa Dukcapil260917 AR,giskem_129,-1,-1;BELUM_ "BELUM_" true true false 24 Double 15 23 ,First,#,Batas Administrasi Desa Dukcapil260917 AR,giskem_130,-1,-1;MENGUR_ "MENGUR_" true true false 24 Double 15 23 ,First,#,Batas Administrasi Desa Dukcapil260917 AR,giskem_131,-1,-1;PELAJAR "PELAJAR" true true false 24 Double 15 23 ,First,#,Batas Administrasi Desa Dukcapil260917 AR,giskem_132,-1,-1;PENSIUNA_1 "PENSIUNAN" true true false 24 Double 15 23 ,First,#,Batas Administrasi Desa Dukcapil260917 AR,giskem_133,-1,-1;PEGAWAI_ "PEGAWAI_" true true false 24 Double 15 23 ,First,#,Batas Administrasi Desa Dukcapil260917 AR,giskem_134,-1,-1;TENTARA "TENTARA" true true false 24 Double 15 23 ,First,#,Batas Administrasi Desa Dukcapil260917 AR,giskem_135,-1,-1;KEPOLISIAN "KEPOLISIAN" true true false 24 Double 15 23 ,First,#,Batas Administrasi Desa Dukcapil260917 AR,giskem_136,-1,-1;PERDAG_ "PERDAG_" true true false 24 Double 15 23 ,First,#,Batas Administrasi Desa Dukcapil260917 AR,giskem_137,-1,-1;PETANI "PETANI" true true false 24 Double 15 23 ,First,#,Batas Administrasi Desa Dukcapil260917 AR,giskem_138,-1,-1;PETERN_ "PETERN_" true true false 24 Double 15 23 ,First,#,Batas Administrasi Desa Dukcapil260917 AR,giskem_139,-1,-1;NELAYAN_1 "NELAYAN" true true false 24 Double 15 23 ,First,#,Batas Administrasi Desa Dukcapil260917 AR,giskem_140,-1,-1;INDUSTR_ "INDUSTR_" true true false 24 Double 15 23 ,First,#,Batas Administrasi Desa Dukcapil260917 AR,giskem_141,-1,-1;KONSTR_ "KONSTR_" true true false 24 Double 15 23 ,First,#,Batas Administrasi Desa Dukcapil260917 AR,giskem_142,-1,-1;TRANSP_ "TRANSP_" true true false 24 Double 15 23 ,First,#,Batas Administrasi Desa Dukcapil260917 AR,giskem_143,-1,-1;KARYAW_ "KARYAW_" true true false 24 Double 15 23 ,First,#,Batas Administrasi Desa Dukcapil260917 AR,giskem_144,-1,-1;KARYAW1 "KARYAW_" true true false 24 Double 15 23 ,First,#,Batas Administrasi Desa Dukcapil260917 AR,giskem_145,-1,-1;KARYAW1_1 "KARYAW_" true true false 24 Double 15 23 ,First,#,Batas Administrasi Desa Dukcapil260917 AR,giskem_146,-1,-1;KARYAW1_12 "KARYAW_" true true false 24 Double 15 23 ,First,#,Batas Administrasi Desa Dukcapil260917 AR,giskem_147,-1,-1;BURUH_ "BURUH_" true true false 24 Double 15 23 ,First,#,Batas Administrasi Desa Dukcapil260917 AR,giskem_148,-1,-1;BURUH1 "BURUH_" true true false 24 Double 15 23 ,First,#,Batas Administrasi Desa Dukcapil260917 AR,giskem_149,-1,-1;BURUH1_1 "BURUH_" true true false 24 Double 15 23 ,First,#,Batas Administrasi Desa Dukcapil260917 AR,giskem_150,-1,-1;BURUH1_12 "BURUH_" true true false 24 Double 15 23 ,First,#,Batas Administrasi Desa Dukcapil260917 AR,giskem_151,-1,-1;PEMBAN_ "PEMBAN_" true true false 24 Double 15 23 ,First,#,Batas Administrasi Desa Dukcapil260917 AR,giskem_152,-1,-1;TUKANG "TUKANG" true true false 24 Double 15 23 ,First,#,Batas Administrasi Desa Dukcapil260917 AR,giskem_153,-1,-1;TUKANG_1 "TUKANG" true true false 24 Double 15 23 ,First,#,Batas Administrasi Desa Dukcapil260917 AR,giskem_154,-1,-1;TUKANG_12 "TUKANG" true true false 24 Double 15 23 ,First,#,Batas Administrasi Desa Dukcapil260917 AR,giskem_155,-1,-1;TUKANG__13 "TUKANG" true true false 24 Double 15 23 ,First,#,Batas Administrasi Desa Dukcapil260917 AR,giskem_156,-1,-1;TUKANG__14 "TUKANG" true true false 24 Double 15 23 ,First,#,Batas Administrasi Desa Dukcapil260917 AR,giskem_157,-1,-1;TUKANG__15 "TUKANG" true true false 24 Double 15 23 ,First,#,Batas Administrasi Desa Dukcapil260917 AR,giskem_158,-1,-1;TUKANG__16 "TUKANG" true true false 24 Double 15 23 ,First,#,Batas Administrasi Desa Dukcapil260917 AR,giskem_159,-1,-1;TUKANG__17 "TUKANG" true true false 24 Double 15 23 ,First,#,Batas Administrasi Desa Dukcapil260917 AR,giskem_160,-1,-1;PENATA_ "PENATA_" true true false 24 Double 15 23 ,First,#,Batas Administrasi Desa Dukcapil260917 AR,giskem_161,-1,-1;PENATA1_1 "PENATA1_1" true true false 24 Double 15 23 ,First,#,Batas Administrasi Desa Dukcapil260917 AR,giskem_162,-1,-1;MEKANIK "MEKANIK" true true false 24 Double 15 23 ,First,#,Batas Administrasi Desa Dukcapil260917 AR,giskem_163,-1,-1;SENIMAN_ "SENIMAN_" true true false 24 Double 15 23 ,First,#,Batas Administrasi Desa Dukcapil260917 AR,giskem_164,-1,-1;TABIB "TABIB" true true false 24 Double 15 23 ,First,#,Batas Administrasi Desa Dukcapil260917 AR,giskem_165,-1,-1;PARAJI_ "PARAJI_" true true false 24 Double 15 23 ,First,#,Batas Administrasi Desa Dukcapil260917 AR,giskem_166,-1,-1;PERANCA_ "PERANCA_" true true false 24 Double 15 23 ,First,#,Batas Administrasi Desa Dukcapil260917 AR,giskem_167,-1,-1;PENTER_ "PENTER_" true true false 24 Double 15 23 ,First,#,Batas Administrasi Desa Dukcapil260917 AR,giskem_168,-1,-1;IMAM_M "IMAM_M" true true false 24 Double 15 23 ,First,#,Batas Administrasi Desa Dukcapil260917 AR,giskem_169,-1,-1;PENDETA "PENDETA" true true false 24 Double 15 23 ,First,#,Batas Administrasi Desa Dukcapil260917 AR,giskem_170,-1,-1;PASTOR "PASTOR" true true false 24 Double 15 23 ,First,#,Batas Administrasi Desa Dukcapil260917 AR,giskem_171,-1,-1;WARTAWAN "WARTAWAN" true true false 24 Double 15 23 ,First,#,Batas Administrasi Desa Dukcapil260917 AR,giskem_172,-1,-1;USTADZ "USTADZ" true true false 24 Double 15 23 ,First,#,Batas Administrasi Desa Dukcapil260917 AR,giskem_173,-1,-1;JURU_M "JURU_M" true true false 24 Double 15 23 ,First,#,Batas Administrasi Desa Dukcapil260917 AR,giskem_174,-1,-1;PROMOT "PROMOT" true true false 24 Double 15 23 ,First,#,Batas Administrasi Desa Dukcapil260917 AR,giskem_175,-1,-1;ANGGOTA_ "ANGGOTA_" true true false 24 Double 15 23 ,First,#,Batas Administrasi Desa Dukcapil260917 AR,giskem_176,-1,-1;ANGGOTA1 "ANGGOTA_" true true false 24 Double 15 23 ,First,#,Batas Administrasi Desa Dukcapil260917 AR,giskem_177,-1,-1;ANGGOTA1_1 "ANGGOTA1_1" true true false 24 Double 15 23 ,First,#,Batas Administrasi Desa Dukcapil260917 AR,giskem_178,-1,-1;PRESIDEN "PRESIDEN" true true false 24 Double 15 23 ,First,#,Batas Administrasi Desa Dukcapil260917 AR,giskem_179,-1,-1;WAKIL_PRES "WAKIL PRESIDEN" true true false 24 Double 15 23 ,First,#,Batas Administrasi Desa Dukcapil260917 AR,giskem_180,-1,-1;ANGGOTA1_2 "ANGGOTA1_2" true true false 24 Double 15 23 ,First,#,Batas Administrasi Desa Dukcapil260917 AR,giskem_181,-1,-1;ANGGOTA1_3 "ANGGOTA1_3" true true false 24 Double 15 23 ,First,#,Batas Administrasi Desa Dukcapil260917 AR,giskem_182,-1,-1;DUTA_B "DUTA_B" true true false 24 Double 15 23 ,First,#,Batas Administrasi Desa Dukcapil260917 AR,giskem_183,-1,-1;GUBERNUR "GUBERNUR" true true false 24 Double 15 23 ,First,#,Batas Administrasi Desa Dukcapil260917 AR,giskem_184,-1,-1;WAKIL_GUBE "WAKIL GUBERNUR" true true false 24 Double 15 23 ,First,#,Batas Administrasi Desa Dukcapil260917 AR,giskem_185,-1,-1;BUPATI "BUPATI" true true false 24 Double 15 23 ,First,#,Batas Administrasi Desa Dukcapil260917 AR,giskem_186,-1,-1;WAKIL_BUPA "WAKIL BUPATI" true true false 24 Double 15 23 ,First,#,Batas Administrasi Desa Dukcapil260917 AR,giskem_187,-1,-1;WALIKOTA "WALIKOTA" true true false 24 Double 15 23 ,First,#,Batas Administrasi Desa Dukcapil260917 AR,giskem_188,-1,-1;WAKIL_WALI "WAKIL_WALI" true true false 24 Double 15 23 ,First,#,Batas Administrasi Desa Dukcapil260917 AR,giskem_189,-1,-1;ANGGOTA1_4 "ANGGOTA1_4" true true false 24 Double 15 23 ,First,#,Batas Administrasi Desa Dukcapil260917 AR,giskem_190,-1,-1;ANGGOTA1_5 "ANGGOTA1_5" true true false 24 Double 15 23 ,First,#,Batas Administrasi Desa Dukcapil260917 AR,giskem_191,-1,-1;DOSEN "DOSEN" true true false 24 Double 15 23 ,First,#,Batas Administrasi Desa Dukcapil260917 AR,giskem_192,-1,-1;GURU "GURU" true true false 24 Double 15 23 ,First,#,Batas Administrasi Desa Dukcapil260917 AR,giskem_193,-1,-1;PILOT "PILOT" true true false 24 Double 15 23 ,First,#,Batas Administrasi Desa Dukcapil260917 AR,giskem_194,-1,-1;PENGACARA_ "PENGACARA_" true true false 24 Double 15 23 ,First,#,Batas Administrasi Desa Dukcapil260917 AR,giskem_195,-1,-1;NOTARIS "NOTARIS" true true false 24 Double 15 23 ,First,#,Batas Administrasi Desa Dukcapil260917 AR,giskem_196,-1,-1;ARSITEK "ARSITEK" true true false 24 Double 15 23 ,First,#,Batas Administrasi Desa Dukcapil260917 AR,giskem_197,-1,-1;AKUNTA_ "AKUNTA_" true true false 24 Double 15 23 ,First,#,Batas Administrasi Desa Dukcapil260917 AR,giskem_198,-1,-1;KONSUL_ "KONSUL_" true true false 24 Double 15 23 ,First,#,Batas Administrasi Desa Dukcapil260917 AR,giskem_199,-1,-1;DOKTER "DOKTER" true true false 24 Double 15 23 ,First,#,Batas Administrasi Desa Dukcapil260917 AR,giskem_200,-1,-1;BIDAN "BIDAN" true true false 24 Double 15 23 ,First,#,Batas Administrasi Desa Dukcapil260917 AR,giskem_201,-1,-1;PERAWAT "PERAWAT" true true false 24 Double 15 23 ,First,#,Batas Administrasi Desa Dukcapil260917 AR,giskem_202,-1,-1;APOTEK_ "APOTEK_" true true false 24 Double 15 23 ,First,#,Batas Administrasi Desa Dukcapil260917 AR,giskem_203,-1,-1;PSIKIATER "PSIKIATER" true true false 24 Double 15 23 ,First,#,Batas Administrasi Desa Dukcapil260917 AR,giskem_204,-1,-1;PENYIA_ "PENYIA_" true true false 24 Double 15 23 ,First,#,Batas Administrasi Desa Dukcapil260917 AR,giskem_205,-1,-1;PENYIA1 "PENYIA1" true true false 24 Double 15 23 ,First,#,Batas Administrasi Desa Dukcapil260917 AR,giskem_206,-1,-1;PELAUT "PELAUT" true true false 24 Double 15 23 ,First,#,Batas Administrasi Desa Dukcapil260917 AR,giskem_207,-1,-1;PENELITI "PENELITI" true true false 24 Double 15 23 ,First,#,Batas Administrasi Desa Dukcapil260917 AR,giskem_208,-1,-1;SOPIR "SOPIR" true true false 24 Double 15 23 ,First,#,Batas Administrasi Desa Dukcapil260917 AR,giskem_209,-1,-1;PIALAN "PIALAN" true true false 24 Double 15 23 ,First,#,Batas Administrasi Desa Dukcapil260917 AR,giskem_210,-1,-1;PARANORMAL "PARANORMAL" true true false 24 Double 15 23 ,First,#,Batas Administrasi Desa Dukcapil260917 AR,giskem_211,-1,-1;PEDAGA_ "PEDAGA_" true true false 24 Double 15 23 ,First,#,Batas Administrasi Desa Dukcapil260917 AR,giskem_212,-1,-1;PERANG_ "PERANG_" true true false 24 Double 15 23 ,First,#,Batas Administrasi Desa Dukcapil260917 AR,giskem_213,-1,-1;KEPALA_ "KEPALA_" true true false 24 Double 15 23 ,First,#,Batas Administrasi Desa Dukcapil260917 AR,giskem_214,-1,-1;BIARAW_ "BIARAW_" true true false 24 Double 15 23 ,First,#,Batas Administrasi Desa Dukcapil260917 AR,giskem_215,-1,-1;WIRASWAST_ "WIRASWAST_" true true false 24 Double 15 23 ,First,#,Batas Administrasi Desa Dukcapil260917 AR,giskem_216,-1,-1;LAINNYA_1 "LAINNYA_1" true true false 24 Double 15 23 ,First,#,Batas Administrasi Desa Dukcapil260917 AR,giskem_217,-1,-1;LUAS_DESA "LUAS_DESA" true true false 20 Double 0 20 ,First,#,Batas Administrasi Desa Dukcapil260917 AR,giskem_218,-1,-1;KODE_DES_2 "KODE_DES_2" true true false 10 Text 0 0 ,First,#,Batas Administrasi Desa Dukcapil260917 AR,giskem_219,-1,-1;DESA_KELUR "DESA KELURAHAN NAGARI" true true false 150 Text 0 0 ,First,#,Batas Administrasi Desa Dukcapil260917 AR,giskem_220,-1,-1;KODE_1 "KODE_1" true true false 24 Double 15 23 ,First,#,Batas Administrasi Desa Dukcapil260917 AR,giskem_224,-1,-1" #</Process><Process ToolSource="c:\program files (x86)\arcgis\desktop10.5\ArcToolbox\Toolboxes\Conversion Tools.tbx\FeatureClassToFeatureClass" Date="20200424" Time="000454">FeatureClassToFeatureClass 2017 "G:\Website Indonesia-Geoportal\Data PETA\DISDUKCAPIL" ANJING.shp # "OBJECT_ID "OBJECT_ID" true true false 19 Double 0 0 ,First,#,2017,giskemenda,-1,-1;KODE_DESA "KODE_DESA" true true false 10 Text 0 0 ,First,#,2017,OBJECT_ID,-1,-1;DESA "DESA" true true false 150 Text 0 0 ,First,#,2017,KODE_DESA,-1,-1;KODE "KODE" true true false 19 Double 0 0 ,First,#,2017,DESA,-1,-1;PROVINSI "PROVINSI" true true false 26 Text 0 0 ,First,#,2017,KODE,-1,-1;KAB_KOTA "KAB KOTA" true true false 27 Text 0 0 ,First,#,2017,PROVINSI,-1,-1;KECAMATAN "KECAMATAN" true true false 31 Text 0 0 ,First,#,2017,KAB_KOTA,-1,-1;DESA_KELUR "DESA KELURAHAN" true true false 34 Text 0 0 ,First,#,2017,KECAMATAN,-1,-1;JUMLAH_PEN "JUMLAH PENDUDUK" true true false 19 Double 0 0 ,First,#,2017,DISA_KELUR,-1,-1;JUMLAH_KK "JUMLAH KK" true true false 19 Double 0 0 ,First,#,2017,JUMLAH_PEN,-1,-1;LUAS_WILAY "LUAS WILAYAH" true true false 19 Double 0 0 ,First,#,2017,JUMLAH_KK,-1,-1;KEPADATAN "KEPADATAN" true true false 19 Double 0 0 ,First,#,2017,LUAS_WILAY,-1,-1;PERPINDAHA "PERPINDAHAN" true true false 19 Double 0 0 ,First,#,2017,KEPADATAN,-1,-1;JUMLAH_MEN "JUMLAH MEN" true true false 19 Double 0 0 ,First,#,2017,PERPINDAHA,-1,-1;PERUBAHAN "PERUBAHAN" true true false 19 Double 0 0 ,First,#,2017,JUMLAH_MEN,-1,-1;WAJIB_KTP "WAJIB KTP" true true false 19 Double 0 0 ,First,#,2017,PERUBAHAN,-1,-1;SILAM "SILAM" true true false 19 Double 0 0 ,First,#,2017,WAJIB_KTP,-1,-1;KRISTEN "KRISTEN" true true false 19 Double 0 0 ,First,#,2017,ISLAM,-1,-1;KHATOLIK "KHATOLIK" true true false 19 Double 0 0 ,First,#,2017,KRISTEN,-1,-1;HINDU "HINDU" true true false 19 Double 0 0 ,First,#,2017,KHATOLIK,-1,-1;BUDHA "BUDHA" true true false 19 Double 0 0 ,First,#,2017,HINDU,-1,-1;KONGHUCU "KONGHUCU" true true false 19 Double 0 0 ,First,#,2017,BUDHA,-1,-1;KEPERCAYAA "KEPERCAYAAN" true true false 19 Double 0 0 ,First,#,2017,KONGHUCU,-1,-1;PRIA "PRIA" true true false 19 Double 0 0 ,First,#,2017,KEPERCAYAA,-1,-1;WANITA "WANITA" true true false 19 Double 0 0 ,First,#,2017,PRIA,-1,-1;BELUM_KAWI "BELUM KAWIN" true true false 19 Double 0 0 ,First,#,2017,WANITA,-1,-1;KAWIN "KAWIN" true true false 19 Double 0 0 ,First,#,2017,BELUM_KAWI,-1,-1;CERAI_HIDU "CERAI HIDUP" true true false 19 Double 0 0 ,First,#,2017,KAWIN,-1,-1;CERAI_MATI "CERAI MATI" true true false 19 Double 0 0 ,First,#,2017,CERAI_HIDU,-1,-1;U0 "U0" true true false 19 Double 0 0 ,First,#,2017,CERAI_MATI,-1,-1;U5 "U5" true true false 19 Double 0 0 ,First,#,2017,U0,-1,-1;U10 "U10" true true false 19 Double 0 0 ,First,#,2017,U5,-1,-1;U15 "U15" true true false 19 Double 0 0 ,First,#,2017,U10,-1,-1;U20 "U20" true true false 19 Double 0 0 ,First,#,2017,U15,-1,-1;U25 "U25" true true false 19 Double 0 0 ,First,#,2017,U20,-1,-1;U30 "U30" true true false 19 Double 0 0 ,First,#,2017,U25,-1,-1;U35 "U35" true true false 19 Double 0 0 ,First,#,2017,U30,-1,-1;U40 "U40" true true false 19 Double 0 0 ,First,#,2017,U35,-1,-1;U45 "U45" true true false 19 Double 0 0 ,First,#,2017,U40,-1,-1;U50 "U50" true true false 19 Double 0 0 ,First,#,2017,U45,-1,-1;U55 "U55" true true false 19 Double 0 0 ,First,#,2017,U50,-1,-1;U60 "U60" true true false 19 Double 0 0 ,First,#,2017,U55,-1,-1;U65 "U65" true true false 19 Double 0 0 ,First,#,2017,U60,-1,-1;U70 "U70" true true false 19 Double 0 0 ,First,#,2017,U65,-1,-1;U75 "U75" true true false 19 Double 0 0 ,First,#,2017,U70,-1,-1;TIDAK_BELU "TIDAK BELUM" true true false 19 Double 0 0 ,First,#,2017,U75,-1,-1;BELUM_TAMA "BELUM TAMAT" true true false 19 Double 0 0 ,First,#,2017,TIDAK_BELU,-1,-1;TAMAT_SD "TAMAT SD" true true false 19 Double 0 0 ,First,#,2017,BELUM_TAMA,-1,-1;SLTP "SLTP" true true false 19 Double 0 0 ,First,#,2017,TAMAT_SD,-1,-1;SLTA "SLTA" true true false 19 Double 0 0 ,First,#,2017,SLTP,-1,-1;DIPLOMA_I "DIPLOMA I" true true false 19 Double 0 0 ,First,#,2017,SLTA,-1,-1;DIPLOMA_II "DIPLOMA II" true true false 19 Double 0 0 ,First,#,2017,DIPLOMA_I,-1,-1;DIPLOMA_IV "DIPLOMA IV" true true false 19 Double 0 0 ,First,#,2017,DIPLOMA_II,-1,-1;STRATA_II "STRATA II" true true false 19 Double 0 0 ,First,#,2017,DIPLOMA_IV,-1,-1;STRATA_III "STRATA III" true true false 19 Double 0 0 ,First,#,2017,STRATA_II,-1,-1;BELUM_TIDA "BELUM TIDAK" true true false 19 Double 0 0 ,First,#,2017,STRATA_III,-1,-1;APARATUR_P "APARATUR P" true true false 19 Double 0 0 ,First,#,2017,BELUM_TIDA,-1,-1;TENAGA_PEN "TENAGA PEN" true true false 19 Double 0 0 ,First,#,2017,APARATUR_P,-1,-1;WIRASWASTA "WIRASWASTA" true true false 19 Double 0 0 ,First,#,2017,TENAGA_PEN,-1,-1;PERTANIAN "PERTANIAN" true true false 19 Double 0 0 ,First,#,2017,WIRASWASTA,-1,-1;NELAYAN "NELAYAN" true true false 19 Double 0 0 ,First,#,2017,PERTANIAN,-1,-1;AGAMA_DAN "AGAMA DAN" true true false 19 Double 0 0 ,First,#,2017,NELAYAN,-1,-1;PELAJAR_MA "PELAJAR MA" true true false 19 Double 0 0 ,First,#,2017,AGAMA_DAN,-1,-1;TENAGA_KES "TENAGA KES" true true false 19 Double 0 0 ,First,#,2017,PELAJAR_MA,-1,-1;PENSIUNAN "PENSIUNAN" true true false 19 Double 0 0 ,First,#,2017,TENAGA_KES,-1,-1;LAINNYA "LAINNYA" true true false 19 Double 0 0 ,First,#,2017,PENSIUNAN,-1,-1;GENERATED "GENERATED" true true false 20 Text 0 0 ,First,#,2017,LAINNYA,-1,-1;KODE_DES_1 "KODE DESA" true true false 10 Text 0 0 ,First,#,2017,GENERATED,-1,-1;BELUM_ "BELUM_" true true false 19 Double 0 0 ,First,#,2017,KODE_DES_1,-1,-1;MENGUR_ "MENGUR_" true true false 19 Double 0 0 ,First,#,2017,BELUM_,-1,-1;PELAJAR_ "PELAJAR_" true true false 19 Double 0 0 ,First,#,2017,MENGUR_,-1,-1;PENSIUNA_1 "PENSIUNAN" true true false 19 Double 0 0 ,First,#,2017,PELAJAR,-1,-1;PEGAWAI_ "PEGAWAI_" true true false 19 Double 0 0 ,First,#,2017,PENSIUNA_1,-1,-1;TENTARA "TENTARA" true true false 19 Double 0 0 ,First,#,2017,PEGAWAI_,-1,-1;KEPOLISIAN "KEPOLISIAN" true true false 19 Double 0 0 ,First,#,2017,TENTARA,-1,-1;PERDAG_ "PERDAG_" true true false 19 Double 0 0 ,First,#,2017,KEPOLISIAN,-1,-1;PETANI "PETANI" true true false 19 Double 0 0 ,First,#,2017,PERDAG_,-1,-1;PETERN_ "PETERN_" true true false 19 Double 0 0 ,First,#,2017,PETANI,-1,-1;NELAYAN_1 "NELAYAN" true true false 19 Double 0 0 ,First,#,2017,PETERN_,-1,-1;INDUSTR_ "INDUSTR_" true true false 19 Double 0 0 ,First,#,2017,NELAYAN_1,-1,-1;KONSTR_ "KONSTR_" true true false 19 Double 0 0 ,First,#,2017,INDUSTR_,-1,-1;TRANSP_ "TRANSP_" true true false 19 Double 0 0 ,First,#,2017,KONSTR_,-1,-1;KARYAW_ "KARYAW_" true true false 19 Double 0 0 ,First,#,2017,TRANSP_,-1,-1;KARYAW1 "KARYAW1" true true false 19 Double 0 0 ,First,#,2017,KARYAW_,-1,-1;KARYAW1_1 "KARYAW1_1" true true false 19 Double 0 0 ,First,#,2017,KARYAW1,-1,-1;KARYAW1_12 "KARYAW1_12" true true false 19 Double 0 0 ,First,#,2017,KARYAW1_1,-1,-1;BURUH "BURUH" true true false 19 Double 0 0 ,First,#,2017,KARYAW1_12,-1,-1;BURUH_ "BURUH_" true true false 19 Double 0 0 ,First,#,2017,BURUH_,-1,-1;BURUH1 "BURUH1" true true false 19 Double 0 0 ,First,#,2017,BURUH1,-1,-1;BURUH1_1 "BURUH1_1" true true false 19 Double 0 0 ,First,#,2017,BURUH1_1,-1,-1;PEMBANT_ "PEMBANT_" true true false 19 Double 0 0 ,First,#,2017,BURUH1_12,-1,-1;TUKANG "TUKANG" true true false 19 Double 0 0 ,First,#,2017,PEMBAN_,-1,-1;TUKANG_1 "TUKANG_1" true true false 19 Double 0 0 ,First,#,2017,TUKANG,-1,-1;TUKANG_12 "TUKANG_12" true true false 19 Double 0 0 ,First,#,2017,TUKANG_1,-1,-1;TUKANG__13 "TUKANG__13" true true false 19 Double 0 0 ,First,#,2017,TUKANG_12,-1,-1;TUKANG__14 "TUKANG__14" true true false 19 Double 0 0 ,First,#,2017,TUKANG__13,-1,-1;TUKANG__15 "TUKANG__15" true true false 19 Double 0 0 ,First,#,2017,TUKANG__14,-1,-1;TUKANG__16 "TUKANG__16" true true false 19 Double 0 0 ,First,#,2017,TUKANG__15,-1,-1;TUKANG__17 "TUKANG__17" true true false 19 Double 0 0 ,First,#,2017,TUKANG__16,-1,-1;PENATA "TUKANG__18" true true false 19 Double 0 0 ,First,#,2017,TUKANG__17,-1,-1;PENATA_ "PENATA_" true true false 19 Double 0 0 ,First,#,2017,PENATA_,-1,-1;PENATA1_1 "PENATA1_1" true true false 19 Double 0 0 ,First,#,2017,PENATA1_1,-1,-1;MEKANIK "MEKANIK" true true false 19 Double 0 0 ,First,#,2017,MEKANIK,-1,-1;SENIMAN_ "SENIMAN_" true true false 19 Double 0 0 ,First,#,2017,SENIMAN_,-1,-1;TABIB "TABIB" true true false 19 Double 0 0 ,First,#,2017,TABIB,-1,-1;PARAJI_ "PARAJI_" true true false 19 Double 0 0 ,First,#,2017,PARAJI_,-1,-1;PERANCA_ "PERANCA_" true true false 19 Double 0 0 ,First,#,2017,PERANCA_,-1,-1;PENTER_ "PENTER_" true true false 19 Double 0 0 ,First,#,2017,PENTER_,-1,-1;IMAM_M "IMAM_M" true true false 19 Double 0 0 ,First,#,2017,IMAM_M,-1,-1;PENDETA "PENDETA" true true false 19 Double 0 0 ,First,#,2017,PENDETA,-1,-1;PASTOR "PASTOR" true true false 19 Double 0 0 ,First,#,2017,PASTOR,-1,-1;WARTAWAN "WARTAWAN" true true false 19 Double 0 0 ,First,#,2017,WARTAWAN,-1,-1;USTADZ "USTADZ" true true false 19 Double 0 0 ,First,#,2017,USTADZ,-1,-1;JURU_M "JURU_M" true true false 19 Double 0 0 ,First,#,2017,JURU_M,-1,-1;PROMOT "PROMOT" true true false 19 Double 0 0 ,First,#,2017,PROMOT,-1,-1;ANGGOTA_ "ANGGOTA_" true true false 19 Double 0 0 ,First,#,2017,ANGGOTA_,-1,-1;ANGGOTA1 "ANGGOTA1" true true false 19 Double 0 0 ,First,#,2017,ANGGOTA1,-1,-1;ANGGOTA1_1 "ANGGOTA1_1" true true false 19 Double 0 0 ,First,#,2017,ANGGOTA1_1,-1,-1;PRESIDEN "PRESIDEN" true true false 19 Double 0 0 ,First,#,2017,PRESIDEN,-1,-1;WAKIL_PRES "WAKIL_PRES" true true false 19 Double 0 0 ,First,#,2017,WAKIL_PRES,-1,-1;ANGGOTA1_2 "ANGGOTA1_2" true true false 19 Double 0 0 ,First,#,2017,ANGGOTA1_2,-1,-1;ANGGOTA1_3 "ANGGOTA1_3" true true false 19 Double 0 0 ,First,#,2017,ANGGOTA1_3,-1,-1;DUTA_B "DUTA_B" true true false 19 Double 0 0 ,First,#,2017,DUTA_B,-1,-1;GUBERNUR "GUBERNUR" true true false 19 Double 0 0 ,First,#,2017,GUBERNUR,-1,-1;WAKIL_GUBE "WAKIL_GUBE" true true false 19 Double 0 0 ,First,#,2017,WAKIL_GUBE,-1,-1;BUPATI "BUPATI" true true false 19 Double 0 0 ,First,#,2017,BUPATI,-1,-1;WAKIL_BUPA "WAKIL_BUPA" true true false 19 Double 0 0 ,First,#,2017,WAKIL_BUPA,-1,-1;WALIKOTA "WALIKOTA" true true false 19 Double 0 0 ,First,#,2017,WALIKOTA,-1,-1;WAKIL_WALI "WAKIL_WALI" true true false 19 Double 0 0 ,First,#,2017,WAKIL_WALI,-1,-1;ANGGOTA1_4 "ANGGOTA1_4" true true false 19 Double 0 0 ,First,#,2017,ANGGOTA1_4,-1,-1;ANGGOTA1_5 "ANGGOTA1_5" true true false 19 Double 0 0 ,First,#,2017,ANGGOTA1_5,-1,-1;DOSEN "DOSEN" true true false 19 Double 0 0 ,First,#,2017,DOSEN,-1,-1;GURU "GURU" true true false 19 Double 0 0 ,First,#,2017,GURU,-1,-1;PILOT "PILOT" true true false 19 Double 0 0 ,First,#,2017,PILOT,-1,-1;PENGACARA_ "PENGACARA_" true true false 19 Double 0 0 ,First,#,2017,PENGACARA_,-1,-1;NOTARIS "NOTARIS" true true false 19 Double 0 0 ,First,#,2017,NOTARIS,-1,-1;ARSITEK "ARSITEK" true true false 19 Double 0 0 ,First,#,2017,ARSITEK,-1,-1;AKUNTA_ "AKUNTA_" true true false 19 Double 0 0 ,First,#,2017,AKUNTA_,-1,-1;KONSUL_ "KONSUL_" true true false 19 Double 0 0 ,First,#,2017,KONSUL_,-1,-1;DOKTER "DOKTER" true true false 19 Double 0 0 ,First,#,2017,DOKTER,-1,-1;BIDAN "BIDAN" true true false 19 Double 0 0 ,First,#,2017,BIDAN,-1,-1;PERAWAT "PERAWAT" true true false 19 Double 0 0 ,First,#,2017,PERAWAT,-1,-1;APOTEK_ "APOTEK_" true true false 19 Double 0 0 ,First,#,2017,APOTEK_,-1,-1;PSIKIATER "PSIKIATER" true true false 19 Double 0 0 ,First,#,2017,PSIKIATER,-1,-1;PENYIA_ "PENYIA_" true true false 19 Double 0 0 ,First,#,2017,PENYIA_,-1,-1;PENYIA1 "PENYIA1" true true false 19 Double 0 0 ,First,#,2017,PENYIA1,-1,-1;PELAUT "PELAUT" true true false 19 Double 0 0 ,First,#,2017,PELAUT,-1,-1;PENELITI "PENELITI" true true false 19 Double 0 0 ,First,#,2017,PENELITI,-1,-1;SOPIR "SOPIR" true true false 19 Double 0 0 ,First,#,2017,SOPIR,-1,-1;PIALAN "PIALAN" true true false 19 Double 0 0 ,First,#,2017,PIALAN,-1,-1;PARANORMAL "PARANORMAL" true true false 19 Double 0 0 ,First,#,2017,PARANORMAL,-1,-1;PEDAGA_ "PEDAGA_" true true false 19 Double 0 0 ,First,#,2017,PEDAGA_,-1,-1;PERANG_ "PERANG_" true true false 19 Double 0 0 ,First,#,2017,PERANG_,-1,-1;KEPALA_ "KEPALA_" true true false 19 Double 0 0 ,First,#,2017,KEPALA_,-1,-1;BIARAW_ "BIARAW_" true true false 19 Double 0 0 ,First,#,2017,BIARAW_,-1,-1;WIRASWAST_ "WIRASWAST_" true true false 19 Double 0 0 ,First,#,2017,WIRASWAST_,-1,-1;LAINNYA_12 "LAINNYA_12" true true false 19 Double 0 0 ,First,#,2017,LAINNYA_1,-1,-1;LUAS_DESA "LUAS_DESA" true true false 19 Double 0 0 ,First,#,2017,LUAS_DESA,-1,-1;KODE_DES_3 "KODE_DES_3" true true false 10 Text 0 0 ,First,#,2017,KODE_DES_2,-1,-1;DESA_KEL_1 "DESA_KEL_1" true true false 150 Text 0 0 ,First,#,2017,DESA_KELUR,-1,-1;KODE_12 "KODE_12" true true false 19 Double 0 0 ,First,#,2017,KODE_1,-1,-1" #</Process></lineage><itemProps><itemName Sync="TRUE">ANJING</itemName><imsContentType Sync="TRUE">002</imsContentType><itemSize Sync="TRUE">0.000</itemSize><itemLocation><linkage Sync="TRUE">file://\\ANGGAPC\G$\Website Indonesia-Geoportal\Data PETA\DISDUKCAPIL\ANJING.shp</linkage><protocol Sync="TRUE">Local Area Network</protocol></itemLocation></itemProps><coordRef><type Sync="TRUE">Geographic</type><geogcsn Sync="TRUE">GCS_WGS_1984</geogcsn><csUnits Sync="TRUE">Angular Unit: Degree (0.017453)</csUnits><peXml Sync="TRUE">&lt;GeographicCoordinateSystem xsi:type='typens:GeographicCoordinateSystem' xmlns:xsi='http://www.w3.org/2001/XMLSchema-instance' xmlns:xs='http://www.w3.org/2001/XMLSchema' xmlns:typens='http://www.esri.com/schemas/ArcGIS/10.5'&gt;&lt;WKT&gt;GEOGCS[&amp;quot;GCS_WGS_1984&amp;quot;,DATUM[&amp;quot;D_WGS_1984&amp;quot;,SPHEROID[&amp;quot;WGS_1984&amp;quot;,6378137.0,298.257223563]],PRIMEM[&amp;quot;Greenwich&amp;quot;,0.0],UNIT[&amp;quot;Degree&amp;quot;,0.0174532925199433],AUTHORITY[&amp;quot;EPSG&amp;quot;,4326]]&lt;/WKT&gt;&lt;XOrigin&gt;-400&lt;/XOrigin&gt;&lt;YOrigin&gt;-400&lt;/YOrigin&gt;&lt;XYScale&gt;11258999068426.238&lt;/XYScale&gt;&lt;ZOrigin&gt;-100000&lt;/ZOrigin&gt;&lt;ZScale&gt;10000&lt;/ZScale&gt;&lt;MOrigin&gt;-100000&lt;/MOrigin&gt;&lt;MScale&gt;10000&lt;/MScale&gt;&lt;XYTolerance&gt;8.983152841195215e-009&lt;/XYTolerance&gt;&lt;ZTolerance&gt;0.001&lt;/ZTolerance&gt;&lt;MTolerance&gt;0.001&lt;/MTolerance&gt;&lt;HighPrecision&gt;true&lt;/HighPrecision&gt;&lt;LeftLongitude&gt;-180&lt;/LeftLongitude&gt;&lt;WKID&gt;4326&lt;/WKID&gt;&lt;LatestWKID&gt;4326&lt;/LatestWKID&gt;&lt;/GeographicCoordinateSystem&gt;</peXml></coordRef></DataProperties><SyncDate>20200424</SyncDate><SyncTime>00032000</SyncTime><ModDate>20200424</ModDate><ModTime>00032000</ModTime></Esri><dataIdInfo><envirDesc Sync="TRUE"> Version 6.2 (Build 9200) ; Esri ArcGIS 10.5.0.6491</envirDesc><dataLang><languageCode value="eng" Sync="TRUE"></languageCode><countryCode value="USA" Sync="TRUE"></countryCode></dataLang><idCitation><resTitle Sync="TRUE">ANJING</resTitle><presForm><PresFormCd value="005" Sync="TRUE"></PresFormCd></presForm></idCitation><spatRpType><SpatRepTypCd value="001" Sync="TRUE"></SpatRepTypCd></spatRpType></dataIdInfo><mdLang><languageCode value="eng" Sync="TRUE"></languageCode><countryCode value="USA" Sync="TRUE"></countryCode></mdLang><mdChar><CharSetCd value="004" Sync="TRUE"></CharSetCd></mdChar><distInfo><distFormat><formatName Sync="TRUE">Shapefile</formatName></distFormat><distTranOps><transSize Sync="TRUE">0.000</transSize></distTranOps></distInfo><mdHrLv><ScopeCd value="005" Sync="TRUE"></ScopeCd></mdHrLv><mdHrLvName Sync="TRUE">dataset</mdHrLvName><refSysInfo><RefSystem><refSysID><identCode code="4326" Sync="TRUE"></identCode><idCodeSpace Sync="TRUE">EPSG</idCodeSpace><idVersion Sync="TRUE">6.14(3.0.1)</idVersion></refSysID></RefSystem></refSysInfo><spatRepInfo><VectSpatRep><geometObjs Name="ANJING"><geoObjTyp><GeoObjTypCd value="002" Sync="TRUE"></GeoObjTypCd></geoObjTyp><geoObjCnt Sync="TRUE">0</geoObjCnt></geometObjs><topLvl><TopoLevCd value="001" Sync="TRUE"></TopoLevCd></topLvl></VectSpatRep></spatRepInfo><spdoinfo><ptvctinf><esriterm Name="ANJING"><efeatyp Sync="TRUE">Simple</efeatyp><efeageom code="4" Sync="TRUE"></efeageom><esritopo Sync="TRUE">FALSE</esritopo><efeacnt Sync="TRUE">0</efeacnt><spindex Sync="TRUE">FALSE</spindex><linrefer Sync="TRUE">FALSE</linrefer></esriterm></ptvctinf></spdoinfo><eainfo><detailed Name="ANJING"><enttyp><enttypl Sync="TRUE">ANJING</enttypl><enttypt Sync="TRUE">Feature Class</enttypt><enttypc Sync="TRUE">0</enttypc></enttyp><attr><attrlabl Sync="TRUE">FID</attrlabl><attalias Sync="TRUE">FID</attalias><attrtype Sync="TRUE">OID</attrtype><attwidth Sync="TRUE">4</attwidth><atprecis Sync="TRUE">0</atprecis><attscale Sync="TRUE">0</attscale><attrdef Sync="TRUE">Internal feature number.</attrdef><attrdefs Sync="TRUE">Esri</attrdefs><attrdomv><udom Sync="TRUE">Sequential unique whole numbers that are automatically generated.</udom></attrdomv></attr><attr><attrlabl Sync="TRUE">Shape</attrlabl><attalias Sync="TRUE">Shape</attalias><attrtype Sync="TRUE">Geometry</attrtype><attwidth Sync="TRUE">0</attwidth><atprecis Sync="TRUE">0</atprecis><attscale Sync="TRUE">0</attscale><attrdef Sync="TRUE">Feature geometry.</attrdef><attrdefs Sync="TRUE">Esri</attrdefs><attrdomv><udom Sync="TRUE">Coordinates defining the features.</udom></attrdomv></attr><attr><attrlabl Sync="TRUE">OBJECT_ID</attrlabl><attalias Sync="TRUE">OBJECT_ID</attalias><attrtype Sync="TRUE">Double</attrtype><attwidth Sync="TRUE">19</attwidth><atprecis Sync="TRUE">0</atprecis><attscale Sync="TRUE">0</attscale></attr><attr><attrlabl Sync="TRUE">KODE_DESA</attrlabl><attalias Sync="TRUE">KODE_DESA</attalias><attrtype Sync="TRUE">String</attrtype><attwidth Sync="TRUE">10</attwidth><atprecis Sync="TRUE">0</atprecis><attscale Sync="TRUE">0</attscale></attr><attr><attrlabl Sync="TRUE">DESA</attrlabl><attalias Sync="TRUE">DESA</attalias><attrtype Sync="TRUE">String</attrtype><attwidth Sync="TRUE">150</attwidth><atprecis Sync="TRUE">0</atprecis><attscale Sync="TRUE">0</attscale></attr><attr><attrlabl Sync="TRUE">KODE</attrlabl><attalias Sync="TRUE">KODE</attalias><attrtype Sync="TRUE">Double</attrtype><attwidth Sync="TRUE">19</attwidth><atprecis Sync="TRUE">0</atprecis><attscale Sync="TRUE">0</attscale></attr><attr><attrlabl Sync="TRUE">PROVINSI</attrlabl><attalias Sync="TRUE">PROVINSI</attalias><attrtype Sync="TRUE">String</attrtype><attwidth Sync="TRUE">26</attwidth><atprecis Sync="TRUE">0</atprecis><attscale Sync="TRUE">0</attscale></attr><attr><attrlabl Sync="TRUE">KAB_KOTA</attrlabl><attalias Sync="TRUE">KAB_KOTA</attalias><attrtype Sync="TRUE">String</attrtype><attwidth Sync="TRUE">27</attwidth><atprecis Sync="TRUE">0</atprecis><attscale Sync="TRUE">0</attscale></attr><attr><attrlabl Sync="TRUE">KECAMATAN</attrlabl><attalias Sync="TRUE">KECAMATAN</attalias><attrtype Sync="TRUE">String</attrtype><attwidth Sync="TRUE">31</attwidth><atprecis Sync="TRUE">0</atprecis><attscale Sync="TRUE">0</attscale></attr><attr><attrlabl Sync="TRUE">JUMLAH_PEN</attrlabl><attalias Sync="TRUE">JUMLAH_PEN</attalias><attrtype Sync="TRUE">Double</attrtype><attwidth Sync="TRUE">19</attwidth><atprecis Sync="TRUE">0</atprecis><attscale Sync="TRUE">0</attscale></attr><attr><attrlabl Sync="TRUE">JUMLAH_KK</attrlabl><attalias Sync="TRUE">JUMLAH_KK</attalias><attrtype Sync="TRUE">Double</attrtype><attwidth Sync="TRUE">19</attwidth><atprecis Sync="TRUE">0</atprecis><attscale Sync="TRUE">0</attscale></attr><attr><attrlabl Sync="TRUE">LUAS_WILAY</attrlabl><attalias Sync="TRUE">LUAS_WILAY</attalias><attrtype Sync="TRUE">Double</attrtype><attwidth Sync="TRUE">19</attwidth><atprecis Sync="TRUE">0</atprecis><attscale Sync="TRUE">0</attscale></attr><attr><attrlabl Sync="TRUE">KEPADATAN</attrlabl><attalias Sync="TRUE">KEPADATAN</attalias><attrtype Sync="TRUE">Double</attrtype><attwidth Sync="TRUE">19</attwidth><atprecis Sync="TRUE">0</atprecis><attscale Sync="TRUE">0</attscale></attr><attr><attrlabl Sync="TRUE">PERPINDAHA</attrlabl><attalias Sync="TRUE">PERPINDAHA</attalias><attrtype Sync="TRUE">Double</attrtype><attwidth Sync="TRUE">19</attwidth><atprecis Sync="TRUE">0</atprecis><attscale Sync="TRUE">0</attscale></attr><attr><attrlabl Sync="TRUE">JUMLAH_MEN</attrlabl><attalias Sync="TRUE">JUMLAH_MEN</attalias><attrtype Sync="TRUE">Double</attrtype><attwidth Sync="TRUE">19</attwidth><atprecis Sync="TRUE">0</atprecis><attscale Sync="TRUE">0</attscale></attr><attr><attrlabl Sync="TRUE">PERUBAHAN</attrlabl><attalias Sync="TRUE">PERUBAHAN</attalias><attrtype Sync="TRUE">Double</attrtype><attwidth Sync="TRUE">19</attwidth><atprecis Sync="TRUE">0</atprecis><attscale Sync="TRUE">0</attscale></attr><attr><attrlabl Sync="TRUE">WAJIB_KTP</attrlabl><attalias Sync="TRUE">WAJIB_KTP</attalias><attrtype Sync="TRUE">Double</attrtype><attwidth Sync="TRUE">19</attwidth><atprecis Sync="TRUE">0</atprecis><attscale Sync="TRUE">0</attscale></attr><attr><attrlabl Sync="TRUE">KRISTEN</attrlabl><attalias Sync="TRUE">KRISTEN</attalias><attrtype Sync="TRUE">Double</attrtype><attwidth Sync="TRUE">19</attwidth><atprecis Sync="TRUE">0</atprecis><attscale Sync="TRUE">0</attscale></attr><attr><attrlabl Sync="TRUE">SILAM</attrlabl><attalias Sync="TRUE">SILAM</attalias><attrtype Sync="TRUE">Double</attrtype><attwidth Sync="TRUE">19</attwidth><atprecis Sync="TRUE">0</atprecis><attscale Sync="TRUE">0</attscale></attr><attr><attrlabl Sync="TRUE">KHATOLIK</attrlabl><attalias Sync="TRUE">KHATOLIK</attalias><attrtype Sync="TRUE">Double</attrtype><attwidth Sync="TRUE">19</attwidth><atprecis Sync="TRUE">0</atprecis><attscale Sync="TRUE">0</attscale></attr><attr><attrlabl Sync="TRUE">HINDU</attrlabl><attalias Sync="TRUE">HINDU</attalias><attrtype Sync="TRUE">Double</attrtype><attwidth Sync="TRUE">19</attwidth><atprecis Sync="TRUE">0</atprecis><attscale Sync="TRUE">0</attscale></attr><attr><attrlabl Sync="TRUE">BUDHA</attrlabl><attalias Sync="TRUE">BUDHA</attalias><attrtype Sync="TRUE">Double</attrtype><attwidth Sync="TRUE">19</attwidth><atprecis Sync="TRUE">0</atprecis><attscale Sync="TRUE">0</attscale></attr><attr><attrlabl Sync="TRUE">KONGHUCU</attrlabl><attalias Sync="TRUE">KONGHUCU</attalias><attrtype Sync="TRUE">Double</attrtype><attwidth Sync="TRUE">19</attwidth><atprecis Sync="TRUE">0</atprecis><attscale Sync="TRUE">0</attscale></attr><attr><attrlabl Sync="TRUE">KEPERCAYAA</attrlabl><attalias Sync="TRUE">KEPERCAYAA</attalias><attrtype Sync="TRUE">Double</attrtype><attwidth Sync="TRUE">19</attwidth><atprecis Sync="TRUE">0</atprecis><attscale Sync="TRUE">0</attscale></attr><attr><attrlabl Sync="TRUE">PRIA</attrlabl><attalias Sync="TRUE">PRIA</attalias><attrtype Sync="TRUE">Double</attrtype><attwidth Sync="TRUE">19</attwidth><atprecis Sync="TRUE">0</atprecis><attscale Sync="TRUE">0</attscale></attr><attr><attrlabl Sync="TRUE">WANITA</attrlabl><attalias Sync="TRUE">WANITA</attalias><attrtype Sync="TRUE">Double</attrtype><attwidth Sync="TRUE">19</attwidth><atprecis Sync="TRUE">0</atprecis><attscale Sync="TRUE">0</attscale></attr><attr><attrlabl Sync="TRUE">BELUM_KAWI</attrlabl><attalias Sync="TRUE">BELUM_KAWI</attalias><attrtype Sync="TRUE">Double</attrtype><attwidth Sync="TRUE">19</attwidth><atprecis Sync="TRUE">0</atprecis><attscale Sync="TRUE">0</attscale></attr><attr><attrlabl Sync="TRUE">KAWIN</attrlabl><attalias Sync="TRUE">KAWIN</attalias><attrtype Sync="TRUE">Double</attrtype><attwidth Sync="TRUE">19</attwidth><atprecis Sync="TRUE">0</atprecis><attscale Sync="TRUE">0</attscale></attr><attr><attrlabl Sync="TRUE">CERAI_HIDU</attrlabl><attalias Sync="TRUE">CERAI_HIDU</attalias><attrtype Sync="TRUE">Double</attrtype><attwidth Sync="TRUE">19</attwidth><atprecis Sync="TRUE">0</atprecis><attscale Sync="TRUE">0</attscale></attr><attr><attrlabl Sync="TRUE">CERAI_MATI</attrlabl><attalias Sync="TRUE">CERAI_MATI</attalias><attrtype Sync="TRUE">Double</attrtype><attwidth Sync="TRUE">19</attwidth><atprecis Sync="TRUE">0</atprecis><attscale Sync="TRUE">0</attscale></attr><attr><attrlabl Sync="TRUE">U0</attrlabl><attalias Sync="TRUE">U0</attalias><attrtype Sync="TRUE">Double</attrtype><attwidth Sync="TRUE">19</attwidth><atprecis Sync="TRUE">0</atprecis><attscale Sync="TRUE">0</attscale></attr><attr><attrlabl Sync="TRUE">U5</attrlabl><attalias Sync="TRUE">U5</attalias><attrtype Sync="TRUE">Double</attrtype><attwidth Sync="TRUE">19</attwidth><atprecis Sync="TRUE">0</atprecis><attscale Sync="TRUE">0</attscale></attr><attr><attrlabl Sync="TRUE">U10</attrlabl><attalias Sync="TRUE">U10</attalias><attrtype Sync="TRUE">Double</attrtype><attwidth Sync="TRUE">19</attwidth><atprecis Sync="TRUE">0</atprecis><attscale Sync="TRUE">0</attscale></attr><attr><attrlabl Sync="TRUE">U15</attrlabl><attalias Sync="TRUE">U15</attalias><attrtype Sync="TRUE">Double</attrtype><attwidth Sync="TRUE">19</attwidth><atprecis Sync="TRUE">0</atprecis><attscale Sync="TRUE">0</attscale></attr><attr><attrlabl Sync="TRUE">U20</attrlabl><attalias Sync="TRUE">U20</attalias><attrtype Sync="TRUE">Double</attrtype><attwidth Sync="TRUE">19</attwidth><atprecis Sync="TRUE">0</atprecis><attscale Sync="TRUE">0</attscale></attr><attr><attrlabl Sync="TRUE">U25</attrlabl><attalias Sync="TRUE">U25</attalias><attrtype Sync="TRUE">Double</attrtype><attwidth Sync="TRUE">19</attwidth><atprecis Sync="TRUE">0</atprecis><attscale Sync="TRUE">0</attscale></attr><attr><attrlabl Sync="TRUE">U30</attrlabl><attalias Sync="TRUE">U30</attalias><attrtype Sync="TRUE">Double</attrtype><attwidth Sync="TRUE">19</attwidth><atprecis Sync="TRUE">0</atprecis><attscale Sync="TRUE">0</attscale></attr><attr><attrlabl Sync="TRUE">U35</attrlabl><attalias Sync="TRUE">U35</attalias><attrtype Sync="TRUE">Double</attrtype><attwidth Sync="TRUE">19</attwidth><atprecis Sync="TRUE">0</atprecis><attscale Sync="TRUE">0</attscale></attr><attr><attrlabl Sync="TRUE">U40</attrlabl><attalias Sync="TRUE">U40</attalias><attrtype Sync="TRUE">Double</attrtype><attwidth Sync="TRUE">19</attwidth><atprecis Sync="TRUE">0</atprecis><attscale Sync="TRUE">0</attscale></attr><attr><attrlabl Sync="TRUE">U45</attrlabl><attalias Sync="TRUE">U45</attalias><attrtype Sync="TRUE">Double</attrtype><attwidth Sync="TRUE">19</attwidth><atprecis Sync="TRUE">0</atprecis><attscale Sync="TRUE">0</attscale></attr><attr><attrlabl Sync="TRUE">U50</attrlabl><attalias Sync="TRUE">U50</attalias><attrtype Sync="TRUE">Double</attrtype><attwidth Sync="TRUE">19</attwidth><atprecis Sync="TRUE">0</atprecis><attscale Sync="TRUE">0</attscale></attr><attr><attrlabl Sync="TRUE">U55</attrlabl><attalias Sync="TRUE">U55</attalias><attrtype Sync="TRUE">Double</attrtype><attwidth Sync="TRUE">19</attwidth><atprecis Sync="TRUE">0</atprecis><attscale Sync="TRUE">0</attscale></attr><attr><attrlabl Sync="TRUE">U60</attrlabl><attalias Sync="TRUE">U60</attalias><attrtype Sync="TRUE">Double</attrtype><attwidth Sync="TRUE">19</attwidth><atprecis Sync="TRUE">0</atprecis><attscale Sync="TRUE">0</attscale></attr><attr><attrlabl Sync="TRUE">U65</attrlabl><attalias Sync="TRUE">U65</attalias><attrtype Sync="TRUE">Double</attrtype><attwidth Sync="TRUE">19</attwidth><atprecis Sync="TRUE">0</atprecis><attscale Sync="TRUE">0</attscale></attr><attr><attrlabl Sync="TRUE">U70</attrlabl><attalias Sync="TRUE">U70</attalias><attrtype Sync="TRUE">Double</attrtype><attwidth Sync="TRUE">19</attwidth><atprecis Sync="TRUE">0</atprecis><attscale Sync="TRUE">0</attscale></attr><attr><attrlabl Sync="TRUE">U75</attrlabl><attalias Sync="TRUE">U75</attalias><attrtype Sync="TRUE">Double</attrtype><attwidth Sync="TRUE">19</attwidth><atprecis Sync="TRUE">0</atprecis><attscale Sync="TRUE">0</attscale></attr><attr><attrlabl Sync="TRUE">TIDAK_BELU</attrlabl><attalias Sync="TRUE">TIDAK_BELU</attalias><attrtype Sync="TRUE">Double</attrtype><attwidth Sync="TRUE">19</attwidth><atprecis Sync="TRUE">0</atprecis><attscale Sync="TRUE">0</attscale></attr><attr><attrlabl Sync="TRUE">BELUM_TAMA</attrlabl><attalias Sync="TRUE">BELUM_TAMA</attalias><attrtype Sync="TRUE">Double</attrtype><attwidth Sync="TRUE">19</attwidth><atprecis Sync="TRUE">0</atprecis><attscale Sync="TRUE">0</attscale></attr><attr><attrlabl Sync="TRUE">TAMAT_SD</attrlabl><attalias Sync="TRUE">TAMAT_SD</attalias><attrtype Sync="TRUE">Double</attrtype><attwidth Sync="TRUE">19</attwidth><atprecis Sync="TRUE">0</atprecis><attscale Sync="TRUE">0</attscale></attr><attr><attrlabl Sync="TRUE">SLTP</attrlabl><attalias Sync="TRUE">SLTP</attalias><attrtype Sync="TRUE">Double</attrtype><attwidth Sync="TRUE">19</attwidth><atprecis Sync="TRUE">0</atprecis><attscale Sync="TRUE">0</attscale></attr><attr><attrlabl Sync="TRUE">SLTA</attrlabl><attalias Sync="TRUE">SLTA</attalias><attrtype Sync="TRUE">Double</attrtype><attwidth Sync="TRUE">19</attwidth><atprecis Sync="TRUE">0</atprecis><attscale Sync="TRUE">0</attscale></attr><attr><attrlabl Sync="TRUE">DIPLOMA_I</attrlabl><attalias Sync="TRUE">DIPLOMA_I</attalias><attrtype Sync="TRUE">Double</attrtype><attwidth Sync="TRUE">19</attwidth><atprecis Sync="TRUE">0</atprecis><attscale Sync="TRUE">0</attscale></attr><attr><attrlabl Sync="TRUE">DIPLOMA_II</attrlabl><attalias Sync="TRUE">DIPLOMA_II</attalias><attrtype Sync="TRUE">Double</attrtype><attwidth Sync="TRUE">19</attwidth><atprecis Sync="TRUE">0</atprecis><attscale Sync="TRUE">0</attscale></attr><attr><attrlabl Sync="TRUE">DIPLOMA_IV</attrlabl><attalias Sync="TRUE">DIPLOMA_IV</attalias><attrtype Sync="TRUE">Double</attrtype><attwidth Sync="TRUE">19</attwidth><atprecis Sync="TRUE">0</atprecis><attscale Sync="TRUE">0</attscale></attr><attr><attrlabl Sync="TRUE">STRATA_II</attrlabl><attalias Sync="TRUE">STRATA_II</attalias><attrtype Sync="TRUE">Double</attrtype><attwidth Sync="TRUE">19</attwidth><atprecis Sync="TRUE">0</atprecis><attscale Sync="TRUE">0</attscale></attr><attr><attrlabl Sync="TRUE">STRATA_III</attrlabl><attalias Sync="TRUE">STRATA_III</attalias><attrtype Sync="TRUE">Double</attrtype><attwidth Sync="TRUE">19</attwidth><atprecis Sync="TRUE">0</atprecis><attscale Sync="TRUE">0</attscale></attr><attr><attrlabl Sync="TRUE">BELUM_TIDA</attrlabl><attalias Sync="TRUE">BELUM_TIDA</attalias><attrtype Sync="TRUE">Double</attrtype><attwidth Sync="TRUE">19</attwidth><atprecis Sync="TRUE">0</atprecis><attscale Sync="TRUE">0</attscale></attr><attr><attrlabl Sync="TRUE">APARATUR_P</attrlabl><attalias Sync="TRUE">APARATUR_P</attalias><attrtype Sync="TRUE">Double</attrtype><attwidth Sync="TRUE">19</attwidth><atprecis Sync="TRUE">0</atprecis><attscale Sync="TRUE">0</attscale></attr><attr><attrlabl Sync="TRUE">TENAGA_PEN</attrlabl><attalias Sync="TRUE">TENAGA_PEN</attalias><attrtype Sync="TRUE">Double</attrtype><attwidth Sync="TRUE">19</attwidth><atprecis Sync="TRUE">0</atprecis><attscale Sync="TRUE">0</attscale></attr><attr><attrlabl Sync="TRUE">WIRASWASTA</attrlabl><attalias Sync="TRUE">WIRASWASTA</attalias><attrtype Sync="TRUE">Double</attrtype><attwidth Sync="TRUE">19</attwidth><atprecis Sync="TRUE">0</atprecis><attscale Sync="TRUE">0</attscale></attr><attr><attrlabl Sync="TRUE">PERTANIAN</attrlabl><attalias Sync="TRUE">PERTANIAN</attalias><attrtype Sync="TRUE">Double</attrtype><attwidth Sync="TRUE">19</attwidth><atprecis Sync="TRUE">0</atprecis><attscale Sync="TRUE">0</attscale></attr><attr><attrlabl Sync="TRUE">NELAYAN</attrlabl><attalias Sync="TRUE">NELAYAN</attalias><attrtype Sync="TRUE">Double</attrtype><attwidth Sync="TRUE">19</attwidth><atprecis Sync="TRUE">0</atprecis><attscale Sync="TRUE">0</attscale></attr><attr><attrlabl Sync="TRUE">AGAMA_DAN</attrlabl><attalias Sync="TRUE">AGAMA_DAN</attalias><attrtype Sync="TRUE">Double</attrtype><attwidth Sync="TRUE">19</attwidth><atprecis Sync="TRUE">0</atprecis><attscale Sync="TRUE">0</attscale></attr><attr><attrlabl Sync="TRUE">PELAJAR_MA</attrlabl><attalias Sync="TRUE">PELAJAR_MA</attalias><attrtype Sync="TRUE">Double</attrtype><attwidth Sync="TRUE">19</attwidth><atprecis Sync="TRUE">0</atprecis><attscale Sync="TRUE">0</attscale></attr><attr><attrlabl Sync="TRUE">TENAGA_KES</attrlabl><attalias Sync="TRUE">TENAGA_KES</attalias><attrtype Sync="TRUE">Double</attrtype><attwidth Sync="TRUE">19</attwidth><atprecis Sync="TRUE">0</atprecis><attscale Sync="TRUE">0</attscale></attr><attr><attrlabl Sync="TRUE">PENSIUNAN</attrlabl><attalias Sync="TRUE">PENSIUNAN</attalias><attrtype Sync="TRUE">Double</attrtype><attwidth Sync="TRUE">19</attwidth><atprecis Sync="TRUE">0</atprecis><attscale Sync="TRUE">0</attscale></attr><attr><attrlabl Sync="TRUE">LAINNYA</attrlabl><attalias Sync="TRUE">LAINNYA</attalias><attrtype Sync="TRUE">Double</attrtype><attwidth Sync="TRUE">19</attwidth><atprecis Sync="TRUE">0</atprecis><attscale Sync="TRUE">0</attscale></attr><attr><attrlabl Sync="TRUE">GENERATED</attrlabl><attalias Sync="TRUE">GENERATED</attalias><attrtype Sync="TRUE">String</attrtype><attwidth Sync="TRUE">20</attwidth><atprecis Sync="TRUE">0</atprecis><attscale Sync="TRUE">0</attscale></attr><attr><attrlabl Sync="TRUE">KODE_DES_1</attrlabl><attalias Sync="TRUE">KODE_DES_1</attalias><attrtype Sync="TRUE">String</attrtype><attwidth Sync="TRUE">10</attwidth><atprecis Sync="TRUE">0</atprecis><attscale Sync="TRUE">0</attscale></attr><attr><attrlabl Sync="TRUE">BELUM_</attrlabl><attalias Sync="TRUE">BELUM_</attalias><attrtype Sync="TRUE">Double</attrtype><attwidth Sync="TRUE">19</attwidth><atprecis Sync="TRUE">0</atprecis><attscale Sync="TRUE">0</attscale></attr><attr><attrlabl Sync="TRUE">MENGUR_</attrlabl><attalias Sync="TRUE">MENGUR_</attalias><attrtype Sync="TRUE">Double</attrtype><attwidth Sync="TRUE">19</attwidth><atprecis Sync="TRUE">0</atprecis><attscale Sync="TRUE">0</attscale></attr><attr><attrlabl Sync="TRUE">PENSIUNA_1</attrlabl><attalias Sync="TRUE">PENSIUNA_1</attalias><attrtype Sync="TRUE">Double</attrtype><attwidth Sync="TRUE">19</attwidth><atprecis Sync="TRUE">0</atprecis><attscale Sync="TRUE">0</attscale></attr><attr><attrlabl Sync="TRUE">PELAJAR_</attrlabl><attalias Sync="TRUE">PELAJAR_</attalias><attrtype Sync="TRUE">Double</attrtype><attwidth Sync="TRUE">19</attwidth><atprecis Sync="TRUE">0</atprecis><attscale Sync="TRUE">0</attscale></attr><attr><attrlabl Sync="TRUE">PEGAWAI_</attrlabl><attalias Sync="TRUE">PEGAWAI_</attalias><attrtype Sync="TRUE">Double</attrtype><attwidth Sync="TRUE">19</attwidth><atprecis Sync="TRUE">0</atprecis><attscale Sync="TRUE">0</attscale></attr><attr><attrlabl Sync="TRUE">TENTARA</attrlabl><attalias Sync="TRUE">TENTARA</attalias><attrtype Sync="TRUE">Double</attrtype><attwidth Sync="TRUE">19</attwidth><atprecis Sync="TRUE">0</atprecis><attscale Sync="TRUE">0</attscale></attr><attr><attrlabl Sync="TRUE">KEPOLISIAN</attrlabl><attalias Sync="TRUE">KEPOLISIAN</attalias><attrtype Sync="TRUE">Double</attrtype><attwidth Sync="TRUE">19</attwidth><atprecis Sync="TRUE">0</atprecis><attscale Sync="TRUE">0</attscale></attr><attr><attrlabl Sync="TRUE">PERDAG_</attrlabl><attalias Sync="TRUE">PERDAG_</attalias><attrtype Sync="TRUE">Double</attrtype><attwidth Sync="TRUE">19</attwidth><atprecis Sync="TRUE">0</atprecis><attscale Sync="TRUE">0</attscale></attr><attr><attrlabl Sync="TRUE">PETANI</attrlabl><attalias Sync="TRUE">PETANI</attalias><attrtype Sync="TRUE">Double</attrtype><attwidth Sync="TRUE">19</attwidth><atprecis Sync="TRUE">0</atprecis><attscale Sync="TRUE">0</attscale></attr><attr><attrlabl Sync="TRUE">PETERN_</attrlabl><attalias Sync="TRUE">PETERN_</attalias><attrtype Sync="TRUE">Double</attrtype><attwidth Sync="TRUE">19</attwidth><atprecis Sync="TRUE">0</atprecis><attscale Sync="TRUE">0</attscale></attr><attr><attrlabl Sync="TRUE">NELAYAN_1</attrlabl><attalias Sync="TRUE">NELAYAN_1</attalias><attrtype Sync="TRUE">Double</attrtype><attwidth Sync="TRUE">19</attwidth><atprecis Sync="TRUE">0</atprecis><attscale Sync="TRUE">0</attscale></attr><attr><attrlabl Sync="TRUE">INDUSTR_</attrlabl><attalias Sync="TRUE">INDUSTR_</attalias><attrtype Sync="TRUE">Double</attrtype><attwidth Sync="TRUE">19</attwidth><atprecis Sync="TRUE">0</atprecis><attscale Sync="TRUE">0</attscale></attr><attr><attrlabl Sync="TRUE">KONSTR_</attrlabl><attalias Sync="TRUE">KONSTR_</attalias><attrtype Sync="TRUE">Double</attrtype><attwidth Sync="TRUE">19</attwidth><atprecis Sync="TRUE">0</atprecis><attscale Sync="TRUE">0</attscale></attr><attr><attrlabl Sync="TRUE">TRANSP_</attrlabl><attalias Sync="TRUE">TRANSP_</attalias><attrtype Sync="TRUE">Double</attrtype><attwidth Sync="TRUE">19</attwidth><atprecis Sync="TRUE">0</atprecis><attscale Sync="TRUE">0</attscale></attr><attr><attrlabl Sync="TRUE">KARYAW_</attrlabl><attalias Sync="TRUE">KARYAW_</attalias><attrtype Sync="TRUE">Double</attrtype><attwidth Sync="TRUE">19</attwidth><atprecis Sync="TRUE">0</atprecis><attscale Sync="TRUE">0</attscale></attr><attr><attrlabl Sync="TRUE">KARYAW1</attrlabl><attalias Sync="TRUE">KARYAW1</attalias><attrtype Sync="TRUE">Double</attrtype><attwidth Sync="TRUE">19</attwidth><atprecis Sync="TRUE">0</atprecis><attscale Sync="TRUE">0</attscale></attr><attr><attrlabl Sync="TRUE">KARYAW1_1</attrlabl><attalias Sync="TRUE">KARYAW1_1</attalias><attrtype Sync="TRUE">Double</attrtype><attwidth Sync="TRUE">19</attwidth><atprecis Sync="TRUE">0</atprecis><attscale Sync="TRUE">0</attscale></attr><attr><attrlabl Sync="TRUE">KARYAW1_12</attrlabl><attalias Sync="TRUE">KARYAW1_12</attalias><attrtype Sync="TRUE">Double</attrtype><attwidth Sync="TRUE">19</attwidth><atprecis Sync="TRUE">0</atprecis><attscale Sync="TRUE">0</attscale></attr><attr><attrlabl Sync="TRUE">BURUH_</attrlabl><attalias Sync="TRUE">BURUH_</attalias><attrtype Sync="TRUE">Double</attrtype><attwidth Sync="TRUE">19</attwidth><atprecis Sync="TRUE">0</atprecis><attscale Sync="TRUE">0</attscale></attr><attr><attrlabl Sync="TRUE">BURUH</attrlabl><attalias Sync="TRUE">BURUH</attalias><attrtype Sync="TRUE">Double</attrtype><attwidth Sync="TRUE">19</attwidth><atprecis Sync="TRUE">0</atprecis><attscale Sync="TRUE">0</attscale></attr><attr><attrlabl Sync="TRUE">BURUH1</attrlabl><attalias Sync="TRUE">BURUH1</attalias><attrtype Sync="TRUE">Double</attrtype><attwidth Sync="TRUE">19</attwidth><atprecis Sync="TRUE">0</atprecis><attscale Sync="TRUE">0</attscale></attr><attr><attrlabl Sync="TRUE">BURUH1_1</attrlabl><attalias Sync="TRUE">BURUH1_1</attalias><attrtype Sync="TRUE">Double</attrtype><attwidth Sync="TRUE">19</attwidth><atprecis Sync="TRUE">0</atprecis><attscale Sync="TRUE">0</attscale></attr><attr><attrlabl Sync="TRUE">TUKANG</attrlabl><attalias Sync="TRUE">TUKANG</attalias><attrtype Sync="TRUE">Double</attrtype><attwidth Sync="TRUE">19</attwidth><atprecis Sync="TRUE">0</atprecis><attscale Sync="TRUE">0</attscale></attr><attr><attrlabl Sync="TRUE">PEMBANT_</attrlabl><attalias Sync="TRUE">PEMBANT_</attalias><attrtype Sync="TRUE">Double</attrtype><attwidth Sync="TRUE">19</attwidth><atprecis Sync="TRUE">0</atprecis><attscale Sync="TRUE">0</attscale></attr><attr><attrlabl Sync="TRUE">TUKANG_1</attrlabl><attalias Sync="TRUE">TUKANG_1</attalias><attrtype Sync="TRUE">Double</attrtype><attwidth Sync="TRUE">19</attwidth><atprecis Sync="TRUE">0</atprecis><attscale Sync="TRUE">0</attscale></attr><attr><attrlabl Sync="TRUE">TUKANG_12</attrlabl><attalias Sync="TRUE">TUKANG_12</attalias><attrtype Sync="TRUE">Double</attrtype><attwidth Sync="TRUE">19</attwidth><atprecis Sync="TRUE">0</atprecis><attscale Sync="TRUE">0</attscale></attr><attr><attrlabl Sync="TRUE">TUKANG__13</attrlabl><attalias Sync="TRUE">TUKANG__13</attalias><attrtype Sync="TRUE">Double</attrtype><attwidth Sync="TRUE">19</attwidth><atprecis Sync="TRUE">0</atprecis><attscale Sync="TRUE">0</attscale></attr><attr><attrlabl Sync="TRUE">TUKANG__14</attrlabl><attalias Sync="TRUE">TUKANG__14</attalias><attrtype Sync="TRUE">Double</attrtype><attwidth Sync="TRUE">19</attwidth><atprecis Sync="TRUE">0</atprecis><attscale Sync="TRUE">0</attscale></attr><attr><attrlabl Sync="TRUE">TUKANG__15</attrlabl><attalias Sync="TRUE">TUKANG__15</attalias><attrtype Sync="TRUE">Double</attrtype><attwidth Sync="TRUE">19</attwidth><atprecis Sync="TRUE">0</atprecis><attscale Sync="TRUE">0</attscale></attr><attr><attrlabl Sync="TRUE">TUKANG__16</attrlabl><attalias Sync="TRUE">TUKANG__16</attalias><attrtype Sync="TRUE">Double</attrtype><attwidth Sync="TRUE">19</attwidth><atprecis Sync="TRUE">0</atprecis><attscale Sync="TRUE">0</attscale></attr><attr><attrlabl Sync="TRUE">TUKANG__17</attrlabl><attalias Sync="TRUE">TUKANG__17</attalias><attrtype Sync="TRUE">Double</attrtype><attwidth Sync="TRUE">19</attwidth><atprecis Sync="TRUE">0</atprecis><attscale Sync="TRUE">0</attscale></attr><attr><attrlabl Sync="TRUE">PENATA_</attrlabl><attalias Sync="TRUE">PENATA_</attalias><attrtype Sync="TRUE">Double</attrtype><attwidth Sync="TRUE">19</attwidth><atprecis Sync="TRUE">0</atprecis><attscale Sync="TRUE">0</attscale></attr><attr><attrlabl Sync="TRUE">PENATA</attrlabl><attalias Sync="TRUE">PENATA</attalias><attrtype Sync="TRUE">Double</attrtype><attwidth Sync="TRUE">19</attwidth><atprecis Sync="TRUE">0</atprecis><attscale Sync="TRUE">0</attscale></attr><attr><attrlabl Sync="TRUE">PENATA1_1</attrlabl><attalias Sync="TRUE">PENATA1_1</attalias><attrtype Sync="TRUE">Double</attrtype><attwidth Sync="TRUE">19</attwidth><atprecis Sync="TRUE">0</atprecis><attscale Sync="TRUE">0</attscale></attr><attr><attrlabl Sync="TRUE">MEKANIK</attrlabl><attalias Sync="TRUE">MEKANIK</attalias><attrtype Sync="TRUE">Double</attrtype><attwidth Sync="TRUE">19</attwidth><atprecis Sync="TRUE">0</atprecis><attscale Sync="TRUE">0</attscale></attr><attr><attrlabl Sync="TRUE">SENIMAN_</attrlabl><attalias Sync="TRUE">SENIMAN_</attalias><attrtype Sync="TRUE">Double</attrtype><attwidth Sync="TRUE">19</attwidth><atprecis Sync="TRUE">0</atprecis><attscale Sync="TRUE">0</attscale></attr><attr><attrlabl Sync="TRUE">TABIB</attrlabl><attalias Sync="TRUE">TABIB</attalias><attrtype Sync="TRUE">Double</attrtype><attwidth Sync="TRUE">19</attwidth><atprecis Sync="TRUE">0</atprecis><attscale Sync="TRUE">0</attscale></attr><attr><attrlabl Sync="TRUE">PARAJI_</attrlabl><attalias Sync="TRUE">PARAJI_</attalias><attrtype Sync="TRUE">Double</attrtype><attwidth Sync="TRUE">19</attwidth><atprecis Sync="TRUE">0</atprecis><attscale Sync="TRUE">0</attscale></attr><attr><attrlabl Sync="TRUE">PERANCA_</attrlabl><attalias Sync="TRUE">PERANCA_</attalias><attrtype Sync="TRUE">Double</attrtype><attwidth Sync="TRUE">19</attwidth><atprecis Sync="TRUE">0</atprecis><attscale Sync="TRUE">0</attscale></attr><attr><attrlabl Sync="TRUE">PENTER_</attrlabl><attalias Sync="TRUE">PENTER_</attalias><attrtype Sync="TRUE">Double</attrtype><attwidth Sync="TRUE">19</attwidth><atprecis Sync="TRUE">0</atprecis><attscale Sync="TRUE">0</attscale></attr><attr><attrlabl Sync="TRUE">IMAM_M</attrlabl><attalias Sync="TRUE">IMAM_M</attalias><attrtype Sync="TRUE">Double</attrtype><attwidth Sync="TRUE">19</attwidth><atprecis Sync="TRUE">0</atprecis><attscale Sync="TRUE">0</attscale></attr><attr><attrlabl Sync="TRUE">PENDETA</attrlabl><attalias Sync="TRUE">PENDETA</attalias><attrtype Sync="TRUE">Double</attrtype><attwidth Sync="TRUE">19</attwidth><atprecis Sync="TRUE">0</atprecis><attscale Sync="TRUE">0</attscale></attr><attr><attrlabl Sync="TRUE">PASTOR</attrlabl><attalias Sync="TRUE">PASTOR</attalias><attrtype Sync="TRUE">Double</attrtype><attwidth Sync="TRUE">19</attwidth><atprecis Sync="TRUE">0</atprecis><attscale Sync="TRUE">0</attscale></attr><attr><attrlabl Sync="TRUE">WARTAWAN</attrlabl><attalias Sync="TRUE">WARTAWAN</attalias><attrtype Sync="TRUE">Double</attrtype><attwidth Sync="TRUE">19</attwidth><atprecis Sync="TRUE">0</atprecis><attscale Sync="TRUE">0</attscale></attr><attr><attrlabl Sync="TRUE">USTADZ</attrlabl><attalias Sync="TRUE">USTADZ</attalias><attrtype Sync="TRUE">Double</attrtype><attwidth Sync="TRUE">19</attwidth><atprecis Sync="TRUE">0</atprecis><attscale Sync="TRUE">0</attscale></attr><attr><attrlabl Sync="TRUE">JURU_M</attrlabl><attalias Sync="TRUE">JURU_M</attalias><attrtype Sync="TRUE">Double</attrtype><attwidth Sync="TRUE">19</attwidth><atprecis Sync="TRUE">0</atprecis><attscale Sync="TRUE">0</attscale></attr><attr><attrlabl Sync="TRUE">PROMOT</attrlabl><attalias Sync="TRUE">PROMOT</attalias><attrtype Sync="TRUE">Double</attrtype><attwidth Sync="TRUE">19</attwidth><atprecis Sync="TRUE">0</atprecis><attscale Sync="TRUE">0</attscale></attr><attr><attrlabl Sync="TRUE">ANGGOTA_</attrlabl><attalias Sync="TRUE">ANGGOTA_</attalias><attrtype Sync="TRUE">Double</attrtype><attwidth Sync="TRUE">19</attwidth><atprecis Sync="TRUE">0</atprecis><attscale Sync="TRUE">0</attscale></attr><attr><attrlabl Sync="TRUE">ANGGOTA1</attrlabl><attalias Sync="TRUE">ANGGOTA1</attalias><attrtype Sync="TRUE">Double</attrtype><attwidth Sync="TRUE">19</attwidth><atprecis Sync="TRUE">0</atprecis><attscale Sync="TRUE">0</attscale></attr><attr><attrlabl Sync="TRUE">ANGGOTA1_1</attrlabl><attalias Sync="TRUE">ANGGOTA1_1</attalias><attrtype Sync="TRUE">Double</attrtype><attwidth Sync="TRUE">19</attwidth><atprecis Sync="TRUE">0</atprecis><attscale Sync="TRUE">0</attscale></attr><attr><attrlabl Sync="TRUE">PRESIDEN</attrlabl><attalias Sync="TRUE">PRESIDEN</attalias><attrtype Sync="TRUE">Double</attrtype><attwidth Sync="TRUE">19</attwidth><atprecis Sync="TRUE">0</atprecis><attscale Sync="TRUE">0</attscale></attr><attr><attrlabl Sync="TRUE">WAKIL_PRES</attrlabl><attalias Sync="TRUE">WAKIL_PRES</attalias><attrtype Sync="TRUE">Double</attrtype><attwidth Sync="TRUE">19</attwidth><atprecis Sync="TRUE">0</atprecis><attscale Sync="TRUE">0</attscale></attr><attr><attrlabl Sync="TRUE">ANGGOTA1_2</attrlabl><attalias Sync="TRUE">ANGGOTA1_2</attalias><attrtype Sync="TRUE">Double</attrtype><attwidth Sync="TRUE">19</attwidth><atprecis Sync="TRUE">0</atprecis><attscale Sync="TRUE">0</attscale></attr><attr><attrlabl Sync="TRUE">ANGGOTA1_3</attrlabl><attalias Sync="TRUE">ANGGOTA1_3</attalias><attrtype Sync="TRUE">Double</attrtype><attwidth Sync="TRUE">19</attwidth><atprecis Sync="TRUE">0</atprecis><attscale Sync="TRUE">0</attscale></attr><attr><attrlabl Sync="TRUE">DUTA_B</attrlabl><attalias Sync="TRUE">DUTA_B</attalias><attrtype Sync="TRUE">Double</attrtype><attwidth Sync="TRUE">19</attwidth><atprecis Sync="TRUE">0</atprecis><attscale Sync="TRUE">0</attscale></attr><attr><attrlabl Sync="TRUE">GUBERNUR</attrlabl><attalias Sync="TRUE">GUBERNUR</attalias><attrtype Sync="TRUE">Double</attrtype><attwidth Sync="TRUE">19</attwidth><atprecis Sync="TRUE">0</atprecis><attscale Sync="TRUE">0</attscale></attr><attr><attrlabl Sync="TRUE">WAKIL_GUBE</attrlabl><attalias Sync="TRUE">WAKIL_GUBE</attalias><attrtype Sync="TRUE">Double</attrtype><attwidth Sync="TRUE">19</attwidth><atprecis Sync="TRUE">0</atprecis><attscale Sync="TRUE">0</attscale></attr><attr><attrlabl Sync="TRUE">BUPATI</attrlabl><attalias Sync="TRUE">BUPATI</attalias><attrtype Sync="TRUE">Double</attrtype><attwidth Sync="TRUE">19</attwidth><atprecis Sync="TRUE">0</atprecis><attscale Sync="TRUE">0</attscale></attr><attr><attrlabl Sync="TRUE">WAKIL_BUPA</attrlabl><attalias Sync="TRUE">WAKIL_BUPA</attalias><attrtype Sync="TRUE">Double</attrtype><attwidth Sync="TRUE">19</attwidth><atprecis Sync="TRUE">0</atprecis><attscale Sync="TRUE">0</attscale></attr><attr><attrlabl Sync="TRUE">WALIKOTA</attrlabl><attalias Sync="TRUE">WALIKOTA</attalias><attrtype Sync="TRUE">Double</attrtype><attwidth Sync="TRUE">19</attwidth><atprecis Sync="TRUE">0</atprecis><attscale Sync="TRUE">0</attscale></attr><attr><attrlabl Sync="TRUE">WAKIL_WALI</attrlabl><attalias Sync="TRUE">WAKIL_WALI</attalias><attrtype Sync="TRUE">Double</attrtype><attwidth Sync="TRUE">19</attwidth><atprecis Sync="TRUE">0</atprecis><attscale Sync="TRUE">0</attscale></attr><attr><attrlabl Sync="TRUE">ANGGOTA1_4</attrlabl><attalias Sync="TRUE">ANGGOTA1_4</attalias><attrtype Sync="TRUE">Double</attrtype><attwidth Sync="TRUE">19</attwidth><atprecis Sync="TRUE">0</atprecis><attscale Sync="TRUE">0</attscale></attr><attr><attrlabl Sync="TRUE">ANGGOTA1_5</attrlabl><attalias Sync="TRUE">ANGGOTA1_5</attalias><attrtype Sync="TRUE">Double</attrtype><attwidth Sync="TRUE">19</attwidth><atprecis Sync="TRUE">0</atprecis><attscale Sync="TRUE">0</attscale></attr><attr><attrlabl Sync="TRUE">DOSEN</attrlabl><attalias Sync="TRUE">DOSEN</attalias><attrtype Sync="TRUE">Double</attrtype><attwidth Sync="TRUE">19</attwidth><atprecis Sync="TRUE">0</atprecis><attscale Sync="TRUE">0</attscale></attr><attr><attrlabl Sync="TRUE">GURU</attrlabl><attalias Sync="TRUE">GURU</attalias><attrtype Sync="TRUE">Double</attrtype><attwidth Sync="TRUE">19</attwidth><atprecis Sync="TRUE">0</atprecis><attscale Sync="TRUE">0</attscale></attr><attr><attrlabl Sync="TRUE">PILOT</attrlabl><attalias Sync="TRUE">PILOT</attalias><attrtype Sync="TRUE">Double</attrtype><attwidth Sync="TRUE">19</attwidth><atprecis Sync="TRUE">0</atprecis><attscale Sync="TRUE">0</attscale></attr><attr><attrlabl Sync="TRUE">PENGACARA_</attrlabl><attalias Sync="TRUE">PENGACARA_</attalias><attrtype Sync="TRUE">Double</attrtype><attwidth Sync="TRUE">19</attwidth><atprecis Sync="TRUE">0</atprecis><attscale Sync="TRUE">0</attscale></attr><attr><attrlabl Sync="TRUE">NOTARIS</attrlabl><attalias Sync="TRUE">NOTARIS</attalias><attrtype Sync="TRUE">Double</attrtype><attwidth Sync="TRUE">19</attwidth><atprecis Sync="TRUE">0</atprecis><attscale Sync="TRUE">0</attscale></attr><attr><attrlabl Sync="TRUE">ARSITEK</attrlabl><attalias Sync="TRUE">ARSITEK</attalias><attrtype Sync="TRUE">Double</attrtype><attwidth Sync="TRUE">19</attwidth><atprecis Sync="TRUE">0</atprecis><attscale Sync="TRUE">0</attscale></attr><attr><attrlabl Sync="TRUE">AKUNTA_</attrlabl><attalias Sync="TRUE">AKUNTA_</attalias><attrtype Sync="TRUE">Double</attrtype><attwidth Sync="TRUE">19</attwidth><atprecis Sync="TRUE">0</atprecis><attscale Sync="TRUE">0</attscale></attr><attr><attrlabl Sync="TRUE">KONSUL_</attrlabl><attalias Sync="TRUE">KONSUL_</attalias><attrtype Sync="TRUE">Double</attrtype><attwidth Sync="TRUE">19</attwidth><atprecis Sync="TRUE">0</atprecis><attscale Sync="TRUE">0</attscale></attr><attr><attrlabl Sync="TRUE">DOKTER</attrlabl><attalias Sync="TRUE">DOKTER</attalias><attrtype Sync="TRUE">Double</attrtype><attwidth Sync="TRUE">19</attwidth><atprecis Sync="TRUE">0</atprecis><attscale Sync="TRUE">0</attscale></attr><attr><attrlabl Sync="TRUE">BIDAN</attrlabl><attalias Sync="TRUE">BIDAN</attalias><attrtype Sync="TRUE">Double</attrtype><attwidth Sync="TRUE">19</attwidth><atprecis Sync="TRUE">0</atprecis><attscale Sync="TRUE">0</attscale></attr><attr><attrlabl Sync="TRUE">PERAWAT</attrlabl><attalias Sync="TRUE">PERAWAT</attalias><attrtype Sync="TRUE">Double</attrtype><attwidth Sync="TRUE">19</attwidth><atprecis Sync="TRUE">0</atprecis><attscale Sync="TRUE">0</attscale></attr><attr><attrlabl Sync="TRUE">APOTEK_</attrlabl><attalias Sync="TRUE">APOTEK_</attalias><attrtype Sync="TRUE">Double</attrtype><attwidth Sync="TRUE">19</attwidth><atprecis Sync="TRUE">0</atprecis><attscale Sync="TRUE">0</attscale></attr><attr><attrlabl Sync="TRUE">PSIKIATER</attrlabl><attalias Sync="TRUE">PSIKIATER</attalias><attrtype Sync="TRUE">Double</attrtype><attwidth Sync="TRUE">19</attwidth><atprecis Sync="TRUE">0</atprecis><attscale Sync="TRUE">0</attscale></attr><attr><attrlabl Sync="TRUE">PENYIA_</attrlabl><attalias Sync="TRUE">PENYIA_</attalias><attrtype Sync="TRUE">Double</attrtype><attwidth Sync="TRUE">19</attwidth><atprecis Sync="TRUE">0</atprecis><attscale Sync="TRUE">0</attscale></attr><attr><attrlabl Sync="TRUE">PENYIA1</attrlabl><attalias Sync="TRUE">PENYIA1</attalias><attrtype Sync="TRUE">Double</attrtype><attwidth Sync="TRUE">19</attwidth><atprecis Sync="TRUE">0</atprecis><attscale Sync="TRUE">0</attscale></attr><attr><attrlabl Sync="TRUE">PELAUT</attrlabl><attalias Sync="TRUE">PELAUT</attalias><attrtype Sync="TRUE">Double</attrtype><attwidth Sync="TRUE">19</attwidth><atprecis Sync="TRUE">0</atprecis><attscale Sync="TRUE">0</attscale></attr><attr><attrlabl Sync="TRUE">PENELITI</attrlabl><attalias Sync="TRUE">PENELITI</attalias><attrtype Sync="TRUE">Double</attrtype><attwidth Sync="TRUE">19</attwidth><atprecis Sync="TRUE">0</atprecis><attscale Sync="TRUE">0</attscale></attr><attr><attrlabl Sync="TRUE">SOPIR</attrlabl><attalias Sync="TRUE">SOPIR</attalias><attrtype Sync="TRUE">Double</attrtype><attwidth Sync="TRUE">19</attwidth><atprecis Sync="TRUE">0</atprecis><attscale Sync="TRUE">0</attscale></attr><attr><attrlabl Sync="TRUE">PIALAN</attrlabl><attalias Sync="TRUE">PIALAN</attalias><attrtype Sync="TRUE">Double</attrtype><attwidth Sync="TRUE">19</attwidth><atprecis Sync="TRUE">0</atprecis><attscale Sync="TRUE">0</attscale></attr><attr><attrlabl Sync="TRUE">PARANORMAL</attrlabl><attalias Sync="TRUE">PARANORMAL</attalias><attrtype Sync="TRUE">Double</attrtype><attwidth Sync="TRUE">19</attwidth><atprecis Sync="TRUE">0</atprecis><attscale Sync="TRUE">0</attscale></attr><attr><attrlabl Sync="TRUE">PEDAGA_</attrlabl><attalias Sync="TRUE">PEDAGA_</attalias><attrtype Sync="TRUE">Double</attrtype><attwidth Sync="TRUE">19</attwidth><atprecis Sync="TRUE">0</atprecis><attscale Sync="TRUE">0</attscale></attr><attr><attrlabl Sync="TRUE">PERANG_</attrlabl><attalias Sync="TRUE">PERANG_</attalias><attrtype Sync="TRUE">Double</attrtype><attwidth Sync="TRUE">19</attwidth><atprecis Sync="TRUE">0</atprecis><attscale Sync="TRUE">0</attscale></attr><attr><attrlabl Sync="TRUE">KEPALA_</attrlabl><attalias Sync="TRUE">KEPALA_</attalias><attrtype Sync="TRUE">Double</attrtype><attwidth Sync="TRUE">19</attwidth><atprecis Sync="TRUE">0</atprecis><attscale Sync="TRUE">0</attscale></attr><attr><attrlabl Sync="TRUE">BIARAW_</attrlabl><attalias Sync="TRUE">BIARAW_</attalias><attrtype Sync="TRUE">Double</attrtype><attwidth Sync="TRUE">19</attwidth><atprecis Sync="TRUE">0</atprecis><attscale Sync="TRUE">0</attscale></attr><attr><attrlabl Sync="TRUE">WIRASWAST_</attrlabl><attalias Sync="TRUE">WIRASWAST_</attalias><attrtype Sync="TRUE">Double</attrtype><attwidth Sync="TRUE">19</attwidth><atprecis Sync="TRUE">0</atprecis><attscale Sync="TRUE">0</attscale></attr><attr><attrlabl Sync="TRUE">LUAS_DESA</attrlabl><attalias Sync="TRUE">LUAS_DESA</attalias><attrtype Sync="TRUE">Double</attrtype><attwidth Sync="TRUE">19</attwidth><atprecis Sync="TRUE">0</atprecis><attscale Sync="TRUE">0</attscale></attr><attr><attrlabl Sync="TRUE">LAINNYA_12</attrlabl><attalias Sync="TRUE">LAINNYA_12</attalias><attrtype Sync="TRUE">Double</attrtype><attwidth Sync="TRUE">19</attwidth><atprecis Sync="TRUE">0</atprecis><attscale Sync="TRUE">0</attscale></attr><attr><attrlabl Sync="TRUE">DESA_KELUR</attrlabl><attalias Sync="TRUE">DESA_KELUR</attalias><attrtype Sync="TRUE">String</attrtype><attwidth Sync="TRUE">34</attwidth><atprecis Sync="TRUE">0</atprecis><attscale Sync="TRUE">0</attscale></attr><attr><attrlabl Sync="TRUE">KODE_DES_3</attrlabl><attalias Sync="TRUE">KODE_DES_3</attalias><attrtype Sync="TRUE">String</attrtype><attwidth Sync="TRUE">10</attwidth><atprecis Sync="TRUE">0</atprecis><attscale Sync="TRUE">0</attscale></attr><attr><attrlabl Sync="TRUE">DESA_KEL_1</attrlabl><attalias Sync="TRUE">DESA_KEL_1</attalias><attrtype Sync="TRUE">String</attrtype><attwidth Sync="TRUE">150</attwidth><atprecis Sync="TRUE">0</atprecis><attscale Sync="TRUE">0</attscale></attr><attr><attrlabl Sync="TRUE">KODE_12</attrlabl><attalias Sync="TRUE">KODE_12</attalias><attrtype Sync="TRUE">Double</attrtype><attwidth Sync="TRUE">19</attwidth><atprecis Sync="TRUE">0</atprecis><attscale Sync="TRUE">0</attscale></attr></detailed></eainfo><mdDateSt Sync="TRUE">20200424</mdDateSt></metadata>
